,Importances,Importances_Mean,Importances_STD
0,[0. 0. 0. 0. 0. 0. 0. 0. 0. 0.],0.0,0.0
1,"[7.46121267e-05 5.26673835e-05 5.70563322e-05 5.70563322e-05
 4.82784349e-05 3.07226404e-05 4.82784349e-05 4.82784349e-05
 3.07226404e-05 3.95005376e-05]",4.8717329763614535e-05,1.2483453798259426e-05
2,"[7.02231780e-05 8.33900239e-05 7.46121267e-05 8.77789725e-05
 7.46121267e-05 6.14452808e-05 7.90010753e-05 6.58342294e-05
 1.18501613e-04 7.90010753e-05]",7.943997015510406e-05,1.5006097125053099e-05
3,"[0.00020628 0.00021945 0.00026334 0.00024139 0.00020189 0.00021945
 0.00022384 0.000237   0.00022384 0.00020628]",0.00022427527485786581,1.782259036121761e-05
4,"[-8.77789725e-06 -1.31668459e-05 -8.77789725e-06  0.00000000e+00
  1.31668459e-05 -1.31668459e-05 -8.77789725e-06  4.38894863e-06
  0.00000000e+00 -8.77789725e-06]",-4.3889486273873676e-06,8.092821398147522e-06
5,[0. 0. 0. 0. 0. 0. 0. 0. 0. 0.],0.0,0.0
6,"[-8.77789725e-06 -1.75557945e-05 -2.63336918e-05 -8.77789725e-06
 -4.38894863e-06 -1.31668459e-05 -3.51115890e-05 -1.75557945e-05
 -4.38894863e-06 -1.31668459e-05]",-1.492242533306376e-05,9.248088615380779e-06
7,"[7.02231780e-05 4.82784349e-05 5.26673835e-05 4.82784349e-05
 4.82784349e-05 7.46121267e-05 4.82784349e-05 6.14452808e-05
 7.90010753e-05 3.95005376e-05]",5.705633215556949e-05,1.2720381615744764e-05
8,[0. 0. 0. 0. 0. 0. 0. 0. 0. 0.],0.0,0.0
9,"[ 0.00000000e+00  0.00000000e+00 -4.38894863e-06  4.38894863e-06
  0.00000000e+00  0.00000000e+00  0.00000000e+00  0.00000000e+00
  0.00000000e+00  0.00000000e+00]",-1.1102230246251566e-17,1.9627974961085798e-06
10,"[-4.38894863e-06 -1.31668459e-05 -1.75557945e-05 -1.31668459e-05
 -1.31668459e-05 -1.75557945e-05 -1.31668459e-05 -2.19447431e-05
 -1.75557945e-05 -1.75557945e-05]",-1.492242533306376e-05,4.475866938987765e-06
11,"[-4.38894863e-06  1.31668459e-05  4.38894863e-06 -1.31668459e-05
  4.38894863e-06 -8.77789725e-06  8.77789725e-06  4.38894863e-06
 -4.38894863e-06  0.00000000e+00]",4.388948626865563e-07,7.715067625470333e-06
12,"[0.00015361 0.00017117 0.00014922 0.00016678 0.00017556 0.00014922
 0.00015361 0.00017117 0.00016678 0.00012289]",0.0001580021505847795,1.4948220383101183e-05
13,[0. 0. 0. 0. 0. 0. 0. 0. 0. 0.],0.0,0.0
14,"[7.90010753e-05 9.65568698e-05 9.65568698e-05 7.02231780e-05
 7.46121267e-05 8.33900239e-05 7.90010753e-05 7.46121267e-05
 7.46121267e-05 7.90010753e-05]",8.075665474331917e-05,8.600547715456423e-06
15,"[-4.38894863e-06 -8.77789725e-06 -1.75557945e-05  4.38894863e-06
 -1.31668459e-05  0.00000000e+00  0.00000000e+00 -8.77789725e-06
 -8.77789725e-06 -8.77789725e-06]",-6.583422941064399e-06,6.284018110246862e-06
16,"[1.31668459e-05 8.77789725e-06 2.19447431e-05 2.19447431e-05
 8.77789725e-06 1.75557945e-05 1.31668459e-05 1.75557945e-05
 1.31668459e-05 2.63336918e-05]",1.623910992116784e-05,5.568951497939424e-06
17,"[-4.38894863e-06 -4.38894863e-06  0.00000000e+00  0.00000000e+00
  0.00000000e+00  0.00000000e+00 -4.38894863e-06 -4.38894863e-06
  0.00000000e+00 -4.38894863e-06]",-2.1944743137103373e-06,2.1944743137103373e-06
18,"[-4.38894863e-06  4.38894863e-06  0.00000000e+00  0.00000000e+00
  0.00000000e+00  0.00000000e+00  0.00000000e+00  0.00000000e+00
  0.00000000e+00  0.00000000e+00]",-1.1102230246251566e-17,1.9627974961085798e-06
19,"[-4.38894863e-06 -8.77789725e-06 -1.31668459e-05 -1.75557945e-05
 -1.75557945e-05 -8.77789725e-06 -4.38894863e-06 -1.75557945e-05
 -2.63336918e-05 -1.75557945e-05]",-1.360574074484866e-05,6.641684456721069e-06
20,[0. 0. 0. 0. 0. 0. 0. 0. 0. 0.],0.0,0.0
21,"[-4.38894863e-06 -4.38894863e-06 -4.38894863e-06 -4.38894863e-06
 -4.38894863e-06 -4.38894863e-06 -4.38894863e-06 -4.38894863e-06
 -4.38894863e-06 -4.38894863e-06]",-4.388948627420675e-06,0.0
22,"[-4.38894863e-06 -4.38894863e-06 -8.77789725e-06  0.00000000e+00
  0.00000000e+00 -8.77789725e-06 -4.38894863e-06  0.00000000e+00
 -4.38894863e-06 -4.38894863e-06]",-3.950053764656402e-06,3.072264039159579e-06
23,[0. 0. 0. 0. 0. 0. 0. 0. 0. 0.],0.0,0.0
24,"[ 0.00000000e+00  0.00000000e+00  0.00000000e+00 -4.38894863e-06
  0.00000000e+00  0.00000000e+00  0.00000000e+00  0.00000000e+00
  0.00000000e+00  0.00000000e+00]",-4.3889486274206745e-07,1.3166845882262023e-06
25,[0. 0. 0. 0. 0. 0. 0. 0. 0. 0.],0.0,0.0
26,[0. 0. 0. 0. 0. 0. 0. 0. 0. 0.],0.0,0.0
27,[0. 0. 0. 0. 0. 0. 0. 0. 0. 0.],0.0,0.0
28,[0. 0. 0. 0. 0. 0. 0. 0. 0. 0.],0.0,0.0
29,"[-4.38894863e-06 -4.38894863e-06 -8.77789725e-06  0.00000000e+00
 -4.38894863e-06  0.00000000e+00 -4.38894863e-06  0.00000000e+00
  0.00000000e+00  0.00000000e+00]",-2.6333691764413025e-06,2.9112991642365106e-06
30,"[8.77789725e-06 1.31668459e-05 4.38894863e-06 1.75557945e-05
 8.77789725e-06 8.77789725e-06 8.77789725e-06 8.77789725e-06
 8.77789725e-06 0.00000000e+00]",8.777897254641509e-06,4.388948627342959e-06
31,"[0.0115166  0.01160438 0.01165266 0.01142882 0.01154293 0.01154293
 0.01160438 0.01152099 0.01147271 0.01157366]",0.011546007153986227,6.290298989480664e-05
32,"[0.00998925 0.00996291 0.01001997 0.0100068  0.01000241 0.00994975
 0.01000241 0.00987513 0.00990586 0.00991463]",0.009962913384098793,4.73925167958861e-05
33,"[0.00792205 0.00800544 0.00801861 0.00783427 0.00797472 0.00808444
 0.00807567 0.00792205 0.00787377 0.00806689]",0.007977791919945531,8.30439649094354e-05
34,"[0.00203647 0.0021067  0.00203208 0.00205403 0.00215936 0.00203647
 0.00204964 0.00210231 0.00204964 0.00205403]",0.0020680725932102463,3.919702176788007e-05
35,"[0.00350677 0.00345849 0.00350238 0.00349799 0.00346727 0.00348483
 0.00348921 0.00347166 0.00342777 0.00347605]",0.0034782417871798478,2.248667024941368e-05
36,"[0.00044328 0.00047401 0.00046523 0.00046084 0.00046523 0.00045206
 0.00045645 0.00047401 0.00046084 0.00044767]",0.00045996181614689214,9.774652703081238e-06
37,"[0.00269043 0.0026202  0.00270359 0.00266848 0.00264654 0.00272554
 0.00272554 0.00261142 0.00261581 0.00267287]",0.0026680418705698817,4.133308535606698e-05
38,"[9.21679212e-05 9.65568698e-05 1.00945818e-04 9.65568698e-05
 9.65568698e-05 8.77789725e-05 7.90010753e-05 9.65568698e-05
 8.33900239e-05 1.09723716e-04]",9.392350062538135e-05,8.373580297276498e-06
39,"[0.00114113 0.00116307 0.00114552 0.0011499  0.00117624 0.00118063
 0.00115429 0.00122891 0.00109724 0.00122891]",0.0011665825451512624,3.794854628577858e-05
40,"[0.00147469 0.00147908 0.00146152 0.00150541 0.00150541 0.00154491
 0.00148785 0.00159758 0.00145274 0.00149663]",0.0015005815356931018,4.067539684996455e-05
41,"[2.63336918e-05 2.19447431e-05 1.75557945e-05 2.63336918e-05
 2.19447431e-05 2.19447431e-05 2.19447431e-05 2.19447431e-05
 1.75557945e-05 2.19447431e-05]",2.19447431367481e-05,2.7758148391887057e-06
42,"[0.00013606 0.00012289 0.00014922 0.00019311 0.00013167 0.00014484
 0.00014045 0.000158   0.00013606 0.00014045]",0.0001452741995654483,1.8355042828527698e-05
43,"[1.75557945e-05 1.31668459e-05 2.19447431e-05 8.77789725e-06
 1.31668459e-05 1.75557945e-05 2.63336918e-05 1.75557945e-05
 2.63336918e-05 1.31668459e-05]",1.7555794509371837e-05,5.5516296783686345e-06
44,"[0.00014484 0.00017117 0.00018872 0.00017995 0.00018872 0.00017995
 0.00018872 0.00017995 0.00018872 0.00018872]",0.00017994689372158312,1.3019725668082443e-05
45,"[0.00035989 0.00033356 0.00034234 0.00036867 0.00035112 0.00034234
 0.00036428 0.00035989 0.00039939 0.00039939]",0.0003620882617568433,2.1344012667897043e-05
46,"[1.31668459e-05 0.00000000e+00 1.75557945e-05 8.77789725e-06
 8.77789725e-06 8.77789725e-06 8.77789725e-06 8.77789725e-06
 0.00000000e+00 1.31668459e-05]",8.777897254652612e-06,5.193074048655421e-06
47,"[0.00046084 0.0004784  0.00046962 0.00048278 0.00048278 0.00047401
 0.00046084 0.00049595 0.00046523 0.00049156]",0.00047620092606812656,1.1653464458159151e-05
48,"[0.00054862 0.00057056 0.0005574  0.00053545 0.00054862 0.00054423
 0.00054862 0.0005574  0.00053106 0.00058373]",0.0005525686321841139,1.48771763757765e-05
49,"[3.07226404e-05 3.51115890e-05 2.63336918e-05 3.95005376e-05
 3.95005376e-05 2.63336918e-05 3.07226404e-05 3.07226404e-05
 4.38894863e-05 3.07226404e-05]",3.3356009567875325e-05,5.620596666523362e-06
50,"[0.00063201 0.00066273 0.00063201 0.00061006 0.0005969  0.00062323
 0.00064518 0.00064079 0.0006364  0.00064956]",0.0006328863920647354,1.8181057453271582e-05
51,[0. 0. 0. 0. 0. 0. 0. 0. 0. 0.],0.0,0.0
52,"[0.00021506 0.00022823 0.000237   0.00024578 0.00021067 0.0001975
 0.00022384 0.000237   0.00021506 0.00021067]",0.00022208080054417768,1.418112701299336e-05
53,"[0.00018872 0.00017117 0.00018872 0.0001975  0.00018434 0.00017556
 0.00017556 0.00018434 0.00021067 0.00018434]",0.00018609142179986103,1.0963590157188426e-05
54,[0. 0. 0. 0. 0. 0. 0. 0. 0. 0.],0.0,0.0
55,"[0.00041695 0.00043889 0.00040378 0.00040378 0.00040378 0.00043451
 0.00043451 0.00043889 0.00041256 0.00043451]",0.00042221685795162944,1.4661979054625348e-05
56,"[-8.77789725e-06 -4.38894863e-06 -4.38894863e-06 -8.77789725e-06
 -4.38894863e-06 -8.77789725e-06 -4.38894863e-06  0.00000000e+00
 -8.77789725e-06 -4.38894863e-06]",-5.705633215602468e-06,2.810298333259947e-06
57,"[3.51115890e-05 2.19447431e-05 4.38894863e-05 4.38894863e-05
 3.95005376e-05 2.19447431e-05 2.19447431e-05 3.51115890e-05
 2.19447431e-05 3.07226404e-05]",3.160043011694036e-05,8.733897492639236e-06
58,"[8.77789725e-06 4.38894863e-06 4.38894863e-06 4.38894863e-06
 4.38894863e-06 4.38894863e-06 4.38894863e-06 4.38894863e-06
 4.38894863e-06 4.38894863e-06]",4.8278434900406175e-06,1.3166845881928957e-06
59,"[5.26673835e-05 6.14452808e-05 5.26673835e-05 5.70563322e-05
 7.02231780e-05 4.38894863e-05 6.14452808e-05 6.58342294e-05
 3.51115890e-05 4.38894863e-05]",5.4422962979172594e-05,1.0423175480714623e-05
60,"[4.38894863e-06 1.31668459e-05 8.77789725e-06 1.31668459e-05
 8.77789725e-06 8.77789725e-06 8.77789725e-06 8.77789725e-06
 8.77789725e-06 4.38894863e-06]",8.777897254641509e-06,2.7758148391887057e-06
61,"[0.00305032 0.00301082 0.00308982 0.00303715 0.00306788 0.00308104
 0.00302837 0.00307226 0.00307226 0.00308543]",0.0030595360881300548,2.5246947737757148e-05
62,"[0.00025456 0.00025017 0.00025895 0.00025456 0.00026773 0.0002765
 0.00028089 0.00025017 0.00026334 0.00025456]",0.0002611424433276666,1.0246103737125277e-05
63,"[2.63336918e-05 1.31668459e-05 2.19447431e-05 1.31668459e-05
 1.75557945e-05 1.31668459e-05 1.31668459e-05 1.31668459e-05
 1.31668459e-05 1.31668459e-05]",1.5800215058447976e-05,4.4758669390030055e-06
64,"[0.00383594 0.00395005 0.00383155 0.00387983 0.00390616 0.00384033
 0.00390616 0.003893   0.00377888 0.00379644]",0.003861835897210786,5.120042954497935e-05
65,"[0.00140007 0.00136057 0.00144396 0.00133424 0.00136935 0.00136935
 0.00133424 0.0013913  0.00138691 0.00136496]",0.0013754964998134223,3.079778760623704e-05
66,"[0.00362088 0.00361649 0.00362966 0.00362088 0.00366916 0.00358138
 0.00360772 0.00360333 0.00355066 0.00355505]",0.0036055212973731708,3.372643587251008e-05
67,"[0.00017556 0.000158   0.00018434 0.00016678 0.00017117 0.000158
 0.00017117 0.00017995 0.00014484 0.000158  ]",0.00016678004783949875,1.1444977779106389e-05
68,"[ 1.31668459e-05 -4.38894863e-06  0.00000000e+00  0.00000000e+00
  4.38894863e-06  0.00000000e+00  0.00000000e+00  0.00000000e+00
 -4.38894863e-06 -4.38894863e-06]",4.388948627087608e-07,4.984887397844092e-06
69,"[0.0005179  0.00054862 0.00063201 0.00053545 0.00060567 0.00061884
 0.00056617 0.00055301 0.00054423 0.00057056]",0.0005692466369680793,3.5820382106681236e-05
70,"[1.31668459e-05 8.77789725e-06 4.38894863e-06 1.75557945e-05
 8.77789725e-06 8.77789725e-06 1.31668459e-05 8.77789725e-06
 1.31668459e-05 1.31668459e-05]",1.0972371568329642e-05,3.5384835077893497e-06
71,[0. 0. 0. 0. 0. 0. 0. 0. 0. 0.],0.0,0.0
72,"[ 0.00000000e+00 -4.38894863e-06 -4.38894863e-06 -4.38894863e-06
  0.00000000e+00 -4.38894863e-06 -4.38894863e-06 -4.38894863e-06
 -4.38894863e-06 -4.38894863e-06]",-3.5111589019365396e-06,1.75557945096827e-06
73,"[8.77789725e-05 1.00945818e-04 9.21679212e-05 1.00945818e-04
 8.77789725e-05 7.90010753e-05 1.00945818e-04 1.09723716e-04
 9.21679212e-05 7.90010753e-05]",9.304571089988612e-05,9.57555541234804e-06
74,"[1.75557945e-05 1.31668459e-05 2.19447431e-05 1.75557945e-05
 1.31668459e-05 1.31668459e-05 1.31668459e-05 1.75557945e-05
 1.75557945e-05 2.19447431e-05]",1.6678004783909907e-05,3.2843884103445086e-06
75,"[-4.38894863e-06 -4.38894863e-06 -1.31668459e-05 -4.38894863e-06
 -8.77789725e-06 -4.38894863e-06 -4.38894863e-06 -4.38894863e-06
  0.00000000e+00 -4.38894863e-06]",-5.266738352882605e-06,3.28438841035341e-06
76,"[-4.38894863e-06 -4.38894863e-06 -4.38894863e-06 -4.38894863e-06
 -4.38894863e-06 -4.38894863e-06 -4.38894863e-06 -4.38894863e-06
 -4.38894863e-06 -4.38894863e-06]",-4.388948627420675e-06,0.0
77,"[4.38894863e-06 2.19447431e-05 1.75557945e-05 1.75557945e-05
 1.75557945e-05 1.31668459e-05 1.75557945e-05 1.75557945e-05
 1.31668459e-05 1.31668459e-05]",1.5361320195694805e-05,4.497334049880135e-06
78,"[1.18501613e-04 7.90010753e-05 1.09723716e-04 9.65568698e-05
 1.00945818e-04 9.21679212e-05 1.05334767e-04 1.05334767e-04
 9.65568698e-05 9.21679212e-05]",9.962913384093941e-05,1.0395417307679816e-05
79,"[0.00025456 0.00028528 0.0002765  0.00026773 0.0002765  0.00031162
 0.00028528 0.00028089 0.00029845 0.00024139]",0.0002778204481116098,1.9136017342119143e-05
80,"[-4.38894863e-06  0.00000000e+00  0.00000000e+00  0.00000000e+00
  0.00000000e+00  0.00000000e+00  0.00000000e+00  0.00000000e+00
  0.00000000e+00  0.00000000e+00]",-4.3889486274206745e-07,1.3166845882262023e-06
81,"[8.77789725e-06 8.77789725e-06 1.31668459e-05 1.31668459e-05
 1.75557945e-05 8.77789725e-06 8.77789725e-06 8.77789725e-06
 8.77789725e-06 8.77789725e-06]",1.0533476705576473e-05,2.911299164233164e-06
82,"[ 0.00000000e+00 -4.38894863e-06 -8.77789725e-06 -4.38894863e-06
  0.00000000e+00 -4.38894863e-06  0.00000000e+00  0.00000000e+00
  0.00000000e+00  0.00000000e+00]",-2.1944743136992352e-06,2.9441962441752825e-06
83,[0. 0. 0. 0. 0. 0. 0. 0. 0. 0.],0.0,0.0
84,"[0.00011411 0.00011411 0.00012728 0.0001185  0.00010972 0.00011411
 0.00012728 0.00012728 0.00013167 0.00010972]",0.00011937940266406599,7.801965737506407e-06
85,"[1.31668459e-05 8.77789725e-06 8.77789725e-06 8.77789725e-06
 8.77789725e-06 1.31668459e-05 4.38894863e-06 8.77789725e-06
 1.31668459e-05 8.77789725e-06]",9.655686980114542e-06,2.6333691764302e-06
86,"[1.75557945e-05 2.63336918e-05 1.75557945e-05 1.75557945e-05
 1.75557945e-05 2.63336918e-05 2.19447431e-05 2.63336918e-05
 1.31668459e-05 1.75557945e-05]",2.018916368577983e-05,4.475866939011715e-06
87,"[7.46121267e-05 7.90010753e-05 7.02231780e-05 7.02231780e-05
 6.58342294e-05 6.14452808e-05 6.58342294e-05 6.58342294e-05
 6.58342294e-05 6.14452808e-05]",6.802870372396574e-05,5.284993999785519e-06
88,"[1.31668459e-05 1.31668459e-05 4.38894863e-06 1.31668459e-05
 4.38894863e-06 1.31668459e-05 4.38894863e-06 0.00000000e+00
 8.77789725e-06 0.00000000e+00]",7.461212666470818e-06,5.211587740359649e-06
89,"[ 0.00000000e+00  0.00000000e+00  0.00000000e+00  0.00000000e+00
  0.00000000e+00  4.38894863e-06  4.38894863e-06  8.77789725e-06
 -4.38894863e-06 -4.38894863e-06]",8.77789725439726e-07,3.826196706997431e-06
90,"[0.0005574  0.00057495 0.00056179 0.00056179 0.00056617 0.00057495
 0.00056179 0.0005574  0.00054862 0.00058812]",0.0005652965832034451,1.0714789102899825e-05
91,"[0.00013167 0.000158   0.00021067 0.00017995 0.00018872 0.00017556
 0.00017995 0.00018434 0.00017117 0.00017556]",0.00017555794509420685,1.943070387429085e-05
92,"[0.0010314  0.0010314  0.00101824 0.0009919  0.0010314  0.00098751
 0.00104457 0.00103579 0.00098312 0.0009919 ]",0.0010147249226447387,2.2275805991691197e-05
93,"[7.02231780e-05 8.77789725e-05 8.77789725e-05 8.77789725e-05
 9.21679212e-05 8.33900239e-05 9.65568698e-05 9.21679212e-05
 8.77789725e-05 8.77789725e-05]",8.734007768433916e-05,6.641684456725471e-06
94,"[6.58342294e-05 6.14452808e-05 7.46121267e-05 5.26673835e-05
 6.14452808e-05 7.90010753e-05 6.58342294e-05 5.70563322e-05
 6.58342294e-05 5.26673835e-05]",6.363975509662278e-05,8.152110259603274e-06
95,"[0.00063201 0.00069345 0.00064079 0.00065395 0.00066712 0.00065834
 0.00061884 0.00061006 0.00062762 0.00064079]",0.0006442976584958626,2.3455224763998884e-05
96,"[ 0.00000000e+00 -4.38894863e-06 -1.31668459e-05 -4.38894863e-06
  0.00000000e+00 -4.38894863e-06 -8.77789725e-06 -4.38894863e-06
 -4.38894863e-06 -8.77789725e-06]",-5.266738352871503e-06,3.826196707020355e-06
97,"[0.00062762 0.00062762 0.00065395 0.00065395 0.00068468 0.00065834
 0.00066273 0.00066273 0.00065834 0.00066712]",0.0006557089249269899,1.632783272638737e-05
98,"[1.75557945e-05 1.75557945e-05 1.75557945e-05 2.19447431e-05
 1.75557945e-05 2.19447431e-05 2.19447431e-05 1.75557945e-05
 2.63336918e-05 1.75557945e-05]",1.9750268823048866e-05,2.9441962441752825e-06
99,"[7.90010753e-05 6.58342294e-05 6.58342294e-05 7.02231780e-05
 8.77789725e-05 5.70563322e-05 7.02231780e-05 5.70563322e-05
 6.58342294e-05 6.14452808e-05]",6.802870372396574e-05,9.048049388000605e-06
100,"[ 4.38894863e-06  4.38894863e-06  4.38894863e-06  4.38894863e-06
  4.38894863e-06 -4.38894863e-06  8.77789725e-06  0.00000000e+00
  4.38894863e-06  8.77789725e-06]",3.950053764567585e-06,3.6457345400985824e-06
101,"[1.75557945e-05 1.75557945e-05 8.77789725e-06 2.19447431e-05
 1.75557945e-05 1.31668459e-05 1.75557945e-05 3.51115890e-05
 2.63336918e-05 1.75557945e-05]",1.9311373960306798e-05,6.855756918887102e-06
102,"[ 4.38894863e-06 -4.38894863e-06 -4.38894863e-06 -4.38894863e-06
  0.00000000e+00 -4.38894863e-06  4.38894863e-06 -4.38894863e-06
  0.00000000e+00  0.00000000e+00]",-1.3166845882484068e-06,3.427878459451369e-06
103,"[8.33900239e-05 8.33900239e-05 8.77789725e-05 9.65568698e-05
 8.33900239e-05 9.21679212e-05 8.77789725e-05 1.22890562e-04
 1.00945818e-04 8.77789725e-05]",9.260681603717735e-05,1.1520467641054557e-05
104,"[4.38894863e-06 4.38894863e-06 4.38894863e-06 4.38894863e-06
 0.00000000e+00 4.38894863e-06 4.38894863e-06 0.00000000e+00
 0.00000000e+00 0.00000000e+00]",2.6333691763857914e-06,2.1501369288394606e-06
105,"[2.63336918e-05 3.07226404e-05 2.63336918e-05 3.51115890e-05
 3.51115890e-05 3.51115890e-05 2.63336918e-05 3.95005376e-05
 3.51115890e-05 3.07226404e-05]",3.203932497966022e-05,4.410838781238211e-06
106,"[3.51115890e-05 3.07226404e-05 3.95005376e-05 3.95005376e-05
 4.38894863e-05 3.95005376e-05 3.51115890e-05 2.63336918e-05
 2.63336918e-05 2.63336918e-05]",3.423379929332615e-05,6.144528078293783e-06
107,"[4.38894863e-06 0.00000000e+00 0.00000000e+00 0.00000000e+00
 0.00000000e+00 0.00000000e+00 0.00000000e+00 0.00000000e+00
 0.00000000e+00 0.00000000e+00]",4.3889486273096523e-07,1.3166845881928957e-06
108,"[1.31668459e-05 8.77789725e-06 8.77789725e-06 1.31668459e-05
 8.77789725e-06 8.77789725e-06 1.75557945e-05 1.31668459e-05
 8.77789725e-06 1.75557945e-05]",1.1850161293791572e-05,3.427878459451369e-06
109,"[2.19447431e-05 1.31668459e-05 1.75557945e-05 2.19447431e-05
 2.63336918e-05 1.75557945e-05 8.77789725e-06 1.75557945e-05
 2.63336918e-05 1.31668459e-05]",1.8433584234844867e-05,5.481795078590213e-06
110,"[0.00016239 0.00016678 0.00017556 0.00016239 0.00014484 0.00016239
 0.00017117 0.00017117 0.00016678 0.000158  ]",0.00016414667866307964,8.140287033294433e-06
111,"[ 0.00000000e+00 -4.38894863e-06  0.00000000e+00  0.00000000e+00
 -8.77789725e-06  4.38894863e-06 -4.38894863e-06  4.38894863e-06
  0.00000000e+00 -8.77789725e-06]",-1.7555794509682698e-06,4.475866939009538e-06
112,"[-4.38894863e-06  4.38894863e-06  8.77789725e-06  0.00000000e+00
 -4.38894863e-06  8.77789725e-06 -4.38894863e-06  4.38894863e-06
  0.00000000e+00  0.00000000e+00]",1.316684588159589e-06,4.82784349007998e-06
113,"[-4.38894863e-06 -4.38894863e-06 -4.38894863e-06 -4.38894863e-06
  0.00000000e+00 -4.38894863e-06 -4.38894863e-06 -4.38894863e-06
 -4.38894863e-06 -4.38894863e-06]",-3.950053764678607e-06,1.3166845882262023e-06
114,"[4.38894863e-06 8.77789725e-06 1.31668459e-05 1.75557945e-05
 1.31668459e-05 1.31668459e-05 1.31668459e-05 1.75557945e-05
 1.75557945e-05 4.38894863e-06]",1.2289056156544742e-05,4.7270423376672015e-06
115,"[ 8.77789725e-06  0.00000000e+00  0.00000000e+00  0.00000000e+00
  0.00000000e+00 -4.38894863e-06  0.00000000e+00  0.00000000e+00
  0.00000000e+00  4.38894863e-06]",8.777897254508282e-07,3.2843884103267056e-06
116,"[-4.38894863e-06  0.00000000e+00  0.00000000e+00 -4.38894863e-06
 -4.38894863e-06 -4.38894863e-06 -4.38894863e-06 -4.38894863e-06
 -4.38894863e-06  0.00000000e+00]",-3.0722640391944723e-06,2.0112689306427776e-06
117,[0. 0. 0. 0. 0. 0. 0. 0. 0. 0.],0.0,0.0
118,"[0.00010972 0.00011411 0.00010533 0.00012289 0.0001185  0.0001185
 0.00010972 0.00010533 0.00012728 0.00012289]",0.00011542934889943179,7.357218553934199e-06
119,"[0.00022384 0.00020628 0.00021945 0.0001975  0.00024139 0.00019311
 0.00024578 0.00021067 0.00022823 0.00020628]",0.00021725295705409263,1.6798840623233102e-05
120,"[0.00000000e+00 1.75557945e-05 3.07226404e-05 1.75557945e-05
 8.77789725e-06 1.75557945e-05 2.63336918e-05 8.77789725e-06
 2.19447431e-05 8.77789725e-06]",1.580021505842577e-05,8.821677562495201e-06
121,"[2.19447431e-05 2.63336918e-05 1.75557945e-05 2.19447431e-05
 3.51115890e-05 2.19447431e-05 2.19447431e-05 3.07226404e-05
 2.63336918e-05 2.63336918e-05]",2.5017007175898166e-05,4.82784349009411e-06
122,"[5.70563322e-05 7.02231780e-05 9.65568698e-05 8.33900239e-05
 7.90010753e-05 6.14452808e-05 7.46121267e-05 7.02231780e-05
 7.46121267e-05 7.90010753e-05]",7.461212666500793e-05,1.0569987999571038e-05
123,"[0.0001975  0.00019311 0.00021945 0.00020189 0.00021506 0.00018434
 0.00020189 0.00018872 0.00020628 0.00021506]",0.0002023305317210844,1.1181056597999177e-05
124,"[6.14452808e-05 9.65568698e-05 1.00945818e-04 1.00945818e-04
 9.21679212e-05 1.00945818e-04 9.21679212e-05 1.00945818e-04
 9.65568698e-05 7.90010753e-05]",9.216792117441308e-05,1.2099496369988066e-05
125,"[0.00018434 0.000237   0.00021067 0.00020189 0.00021506 0.00025017
 0.00021067 0.0001975  0.00021945 0.00020628]",0.00021330290328948066,1.8010739343581175e-05
126,"[0.00085584 0.00086023 0.00088657 0.00089535 0.00089096 0.00086901
 0.00089096 0.0008339  0.0008734  0.00090412]",0.000876034146020277,2.0510999048562928e-05
127,"[-8.77789725e-06 -8.77789725e-06 -1.75557945e-05 -8.77789725e-06
 -4.38894863e-06 -8.77789725e-06 -8.77789725e-06 -1.31668459e-05
 -1.31668459e-05 -1.31668459e-05]",-1.0533476705698596e-05,3.5111589018949067e-06
128,"[0.00093046 0.00091729 0.00099629 0.00100946 0.00098312 0.00093924
 0.00100068 0.00090851 0.00096557 0.00096118]",0.0009611797493909946,3.4278784594365856e-05
129,"[-3.07226404e-05 -3.07226404e-05 -1.31668459e-05 -1.75557945e-05
 -1.75557945e-05 -2.63336918e-05 -1.75557945e-05 -1.75557945e-05
 -3.51115890e-05 -1.31668459e-05]",-2.1944743136825817e-05,7.601882014380508e-06
130,"[4.38894863e-06 4.38894863e-06 0.00000000e+00 4.38894863e-06
 4.38894863e-06 4.38894863e-06 4.38894863e-06 0.00000000e+00
 0.00000000e+00 4.38894863e-06]",3.0722640391167566e-06,2.011268930591901e-06
131,[0. 0. 0. 0. 0. 0. 0. 0. 0. 0.],0.0,0.0
132,"[0.00000000e+00 4.38894863e-06 8.77789725e-06 0.00000000e+00
 0.00000000e+00 4.38894863e-06 0.00000000e+00 4.38894863e-06
 0.00000000e+00 4.38894863e-06]",2.6333691763857914e-06,2.911299164186299e-06
133,"[-1.31668459e-05 -4.38894863e-06 -1.31668459e-05 -8.77789725e-06
 -1.31668459e-05 -8.77789725e-06 -4.38894863e-06 -1.31668459e-05
 -1.75557945e-05 -1.75557945e-05]",-1.1411266431182732e-05,4.475866939009538e-06
134,"[1.31668459e-05 8.77789725e-06 8.77789725e-06 8.77789725e-06
 4.38894863e-06 4.38894863e-06 8.77789725e-06 4.38894863e-06
 4.38894863e-06 4.38894863e-06]",7.022317803706546e-06,2.911299164209731e-06
135,[0. 0. 0. 0. 0. 0. 0. 0. 0. 0.],0.0,0.0
136,"[ 8.77789725e-06  4.38894863e-06 -4.38894863e-06  4.38894863e-06
  4.38894863e-06  8.77789725e-06  1.31668459e-05  4.38894863e-06
  1.75557945e-05  4.38894863e-06]",6.5834229409755805e-06,5.637706589416735e-06
137,"[ 4.38894863e-06  4.38894863e-06 -4.38894863e-06  4.38894863e-06
  0.00000000e+00  4.38894863e-06  4.38894863e-06  8.77789725e-06
  4.38894863e-06  4.38894863e-06]",3.5111589018366198e-06,3.2843884103356067e-06
138,[0. 0. 0. 0. 0. 0. 0. 0. 0. 0.],0.0,0.0
139,"[2.19447431e-05 1.31668459e-05 3.07226404e-05 2.19447431e-05
 1.31668459e-05 2.19447431e-05 3.07226404e-05 1.31668459e-05
 1.31668459e-05 3.07226404e-05]",2.1066953411297273e-05,7.291469080238599e-06
140,"[ 0.00000000e+00 -1.31668459e-05 -8.77789725e-06 -4.38894863e-06
 -4.38894863e-06 -4.38894863e-06 -8.77789725e-06 -8.77789725e-06
  0.00000000e+00 -1.31668459e-05]",-6.583422941075501e-06,4.497334049901805e-06
141,"[ 0.00000000e+00  0.00000000e+00 -4.38894863e-06  4.38894863e-06
 -4.38894863e-06 -4.38894863e-06  0.00000000e+00  0.00000000e+00
 -4.38894863e-06  0.00000000e+00]",-1.3166845882373046e-06,2.8102983332859547e-06
142,[0. 0. 0. 0. 0. 0. 0. 0. 0. 0.],0.0,0.0
143,"[-8.77789725e-06 -2.19447431e-05 -1.75557945e-05 -2.63336918e-05
 -1.31668459e-05 -1.31668459e-05 -1.75557945e-05 -2.63336918e-05
 -2.19447431e-05 -1.31668459e-05]",-1.7994689372202722e-05,5.705633215552935e-06
144,[0. 0. 0. 0. 0. 0. 0. 0. 0. 0.],0.0,0.0
145,"[0.0006364  0.00065395 0.00064956 0.00064518 0.00065834 0.00066712
 0.00065395 0.00063201 0.00064518 0.00062762]",0.0006469310276722706,1.1645196656853988e-05
146,"[0.00036867 0.00037306 0.00039501 0.00036428 0.00038623 0.00037745
 0.00037306 0.00035989 0.00038623 0.00036867]",0.00037525510763891656,1.0432411792239492e-05
147,"[0.00130352 0.00135619 0.00130791 0.0013123  0.00129035 0.00134302
 0.00137374 0.00129474 0.00134741 0.0013518 ]",0.0013280958546379672,2.7979332354023545e-05
148,"[0.00020628 0.0001975  0.00018872 0.00020189 0.0001975  0.00020628
 0.00019311 0.0001975  0.00022384 0.00019311]",0.00020057495227014942,9.423472340210386e-06
149,"[1.75557945e-05 1.31668459e-05 1.31668459e-05 1.75557945e-05
 1.75557945e-05 1.31668459e-05 1.31668459e-05 1.31668459e-05
 1.75557945e-05 8.77789725e-06]",1.4483530470221772e-05,2.810298333259947e-06
150,"[0.00043889 0.00042134 0.00044328 0.00043012 0.00043889 0.00043012
 0.00045645 0.00041256 0.00041695 0.00042134]",0.00043099475520635977,1.2840956648879051e-05
151,"[1.31668459e-05 1.31668459e-05 8.77789725e-06 1.31668459e-05
 1.31668459e-05 1.31668459e-05 1.31668459e-05 4.38894863e-06
 1.31668459e-05 8.77789725e-06]",1.1411266431082811e-05,2.9112991642331635e-06
152,"[1.31668459e-05 8.77789725e-06 1.31668459e-05 8.77789725e-06
 1.31668459e-05 1.75557945e-05 1.31668459e-05 1.31668459e-05
 1.31668459e-05 1.75557945e-05]",1.3166845882017775e-05,2.7758148391887057e-06
153,"[4.38894863e-06 0.00000000e+00 4.38894863e-06 4.38894863e-06
 4.38894863e-06 4.38894863e-06 4.38894863e-06 0.00000000e+00
 4.38894863e-06 4.38894863e-06]",3.511158901847722e-06,1.7555794509238611e-06
154,"[3.07226404e-05 3.51115890e-05 3.95005376e-05 3.95005376e-05
 3.07226404e-05 3.07226404e-05 3.51115890e-05 3.51115890e-05
 3.51115890e-05 3.95005376e-05]",3.5111589018810285e-05,3.399664988186037e-06
155,"[-4.38894863e-06 -4.38894863e-06 -4.38894863e-06 -4.38894863e-06
  0.00000000e+00 -4.38894863e-06  0.00000000e+00 -4.38894863e-06
 -4.38894863e-06  0.00000000e+00]",-3.0722640391944723e-06,2.0112689306427776e-06
156,"[1.75557945e-05 1.31668459e-05 1.31668459e-05 1.31668459e-05
 1.31668459e-05 1.31668459e-05 1.31668459e-05 1.31668459e-05
 1.75557945e-05 1.75557945e-05]",1.4483530470232875e-05,2.011268930591901e-06
157,"[0.00035112 0.00037745 0.00039939 0.00037306 0.00035989 0.00036867
 0.00036867 0.00037306 0.0003555  0.00036867]",0.0003695494744233585,1.2690058851240738e-05
158,"[-4.38894863e-06 -4.38894863e-06 -4.38894863e-06 -4.38894863e-06
 -4.38894863e-06 -4.38894863e-06 -4.38894863e-06 -4.38894863e-06
 -4.38894863e-06 -4.38894863e-06]",-4.388948627420675e-06,0.0
159,"[3.51115890e-05 2.63336918e-05 3.07226404e-05 3.07226404e-05
 3.07226404e-05 3.51115890e-05 3.07226404e-05 3.51115890e-05
 3.51115890e-05 2.63336918e-05]",3.160043011694036e-05,3.284388410344508e-06
160,"[0.00021067 0.00018434 0.00021506 0.00021506 0.0001975  0.00023261
 0.00021506 0.00021067 0.00020628 0.00021506]",0.00021023063925031948,1.2011615074638476e-05
161,"[9.65568698e-05 1.00945818e-04 1.14112664e-04 1.14112664e-04
 1.22890562e-04 1.00945818e-04 9.65568698e-05 1.05334767e-04
 9.65568698e-05 1.00945818e-04]",0.0001048958721937776,8.656359772354235e-06
162,[0. 0. 0. 0. 0. 0. 0. 0. 0. 0.],0.0,0.0
163,"[6.14452808e-05 6.58342294e-05 5.70563322e-05 4.82784349e-05
 6.14452808e-05 7.90010753e-05 7.02231780e-05 5.26673835e-05
 6.14452808e-05 6.58342294e-05]",6.232307050839659e-05,8.281051708004554e-06
164,"[ 0.00000000e+00 -4.38894863e-06  0.00000000e+00 -8.77789725e-06
 -8.77789725e-06  0.00000000e+00  0.00000000e+00  0.00000000e+00
 -4.38894863e-06 -4.38894863e-06]",-3.0722640391722678e-06,3.427878459451369e-06
165,"[4.38894863e-06 4.38894863e-06 4.38894863e-06 4.38894863e-06
 4.38894863e-06 4.38894863e-06 4.38894863e-06 4.38894863e-06
 4.38894863e-06 4.38894863e-06]",4.388948627309652e-06,0.0
166,[0. 0. 0. 0. 0. 0. 0. 0. 0. 0.],0.0,0.0
167,"[-4.38894863e-06 -4.38894863e-06 -4.38894863e-06 -4.38894863e-06
 -4.38894863e-06 -4.38894863e-06 -4.38894863e-06 -4.38894863e-06
 -4.38894863e-06 -4.38894863e-06]",-4.388948627420675e-06,0.0
168,"[2.19447431e-05 2.19447431e-05 1.75557945e-05 1.75557945e-05
 1.75557945e-05 2.19447431e-05 1.75557945e-05 1.31668459e-05
 2.19447431e-05 1.75557945e-05]",1.8872479097586935e-05,2.8102983332859547e-06
169,"[-4.38894863e-06  0.00000000e+00 -4.38894863e-06 -4.38894863e-06
 -4.38894863e-06  4.38894863e-06  0.00000000e+00  0.00000000e+00
  0.00000000e+00 -1.31668459e-05]",-2.6333691764524046e-06,4.475866939031311e-06
170,"[ 4.38894863e-06  8.77789725e-06  8.77789725e-06  1.75557945e-05
  1.31668459e-05  1.31668459e-05  8.77789725e-06  4.38894863e-06
  1.31668459e-05 -4.38894863e-06]",8.777897254652612e-06,5.888392488317465e-06
171,"[0.00082073 0.00084268 0.00080757 0.00080318 0.00078123 0.00084707
 0.00079879 0.0007944  0.00077245 0.00076368]",0.0008031775988061706,2.6260440741112358e-05
172,"[0.00098312 0.00098751 0.00100068 0.00100946 0.00098751 0.00098751
 0.00100507 0.00100068 0.00103579 0.00098751]",0.000998485812723504,1.5108441684535297e-05
173,"[0.00071101 0.00074173 0.00072418 0.00068906 0.00068468 0.00069345
 0.00074173 0.00068906 0.00068468 0.00070662]",0.000706620729004337,2.1321438348872918e-05
174,"[ 8.77789725e-06  0.00000000e+00 -8.77789725e-06  0.00000000e+00
  0.00000000e+00  0.00000000e+00  0.00000000e+00  0.00000000e+00
  0.00000000e+00 -8.77789725e-06]",-8.777897254841349e-07,4.727042337658956e-06
175,"[ 0.00000000e+00 -4.38894863e-06 -4.38894863e-06 -4.38894863e-06
 -4.38894863e-06  0.00000000e+00 -8.77789725e-06 -8.77789725e-06
 -4.38894863e-06 -8.77789725e-06]",-4.827843490129436e-06,3.0722640391516493e-06
176,"[4.38894863e-06 1.75557945e-05 1.31668459e-05 1.75557945e-05
 1.31668459e-05 1.31668459e-05 1.31668459e-05 1.75557945e-05
 4.38894863e-06 4.38894863e-06]",1.1850161293813776e-05,5.211587740358714e-06
177,"[8.77789725e-06 8.77789725e-06 8.77789725e-06 8.77789725e-06
 8.77789725e-06 8.77789725e-06 8.77789725e-06 8.77789725e-06
 8.77789725e-06 8.77789725e-06]",8.777897254619305e-06,0.0
178,[0. 0. 0. 0. 0. 0. 0. 0. 0. 0.],0.0,0.0
179,"[-4.38894863e-06 -1.31668459e-05 -8.77789725e-06 -8.77789725e-06
 -1.31668459e-05 -1.31668459e-05 -1.31668459e-05 -8.77789725e-06
 -8.77789725e-06 -8.77789725e-06]",-1.009458184296763e-05,2.810298333285955e-06
180,"[ 0.00000000e+00  8.77789725e-06  4.38894863e-06  0.00000000e+00
 -4.38894863e-06  0.00000000e+00  4.38894863e-06  4.38894863e-06
  0.00000000e+00  8.77789725e-06]",2.6333691763746893e-06,4.022537861203184e-06
181,"[8.77789725e-06 8.77789725e-06 1.31668459e-05 8.77789725e-06
 8.77789725e-06 8.77789725e-06 1.31668459e-05 1.31668459e-05
 1.31668459e-05 8.77789725e-06]",1.0533476705587574e-05,2.1501369288938502e-06
182,"[ 4.38894863e-06  0.00000000e+00 -4.38894863e-06 -4.38894863e-06
 -8.77789725e-06 -4.38894863e-06 -4.38894863e-06 -4.38894863e-06
 -8.77789725e-06  4.38894863e-06]",-3.0722640391944723e-06,4.41083878124042e-06
183,"[-1.31668459e-05 -8.77789725e-06 -4.38894863e-06 -1.75557945e-05
 -1.31668459e-05 -4.38894863e-06 -4.38894863e-06  0.00000000e+00
 -8.77789725e-06 -8.77789725e-06]",-8.339002392021566e-06,4.984887397844092e-06
184,"[4.38894863e-06 0.00000000e+00 0.00000000e+00 0.00000000e+00
 0.00000000e+00 0.00000000e+00 0.00000000e+00 0.00000000e+00
 0.00000000e+00 0.00000000e+00]",4.3889486273096523e-07,1.3166845881928957e-06
185,[0. 0. 0. 0. 0. 0. 0. 0. 0. 0.],0.0,0.0
186,"[3.51115890e-05 3.95005376e-05 5.26673835e-05 3.95005376e-05
 4.38894863e-05 5.26673835e-05 4.38894863e-05 5.26673835e-05
 4.38894863e-05 5.70563322e-05]",4.608396058720654e-05,6.869791236381803e-06
187,"[-4.38894863e-06 -4.38894863e-06 -8.77789725e-06 -8.77789725e-06
 -8.77789725e-06 -4.38894863e-06 -4.38894863e-06 -4.38894863e-06
 -4.38894863e-06 -4.38894863e-06]",-5.70563321561357e-06,2.011268930591901e-06
188,"[7.02231780e-05 7.46121267e-05 6.58342294e-05 4.82784349e-05
 6.58342294e-05 7.46121267e-05 6.58342294e-05 6.14452808e-05
 7.46121267e-05 5.70563322e-05]",6.583422941029982e-05,8.092821398153543e-06
189,"[8.77789725e-06 8.77789725e-06 8.77789725e-06 0.00000000e+00
 4.38894863e-06 4.38894863e-06 8.77789725e-06 8.77789725e-06
 4.38894863e-06 1.31668459e-05]",7.022317803706546e-06,3.5111589018671507e-06
190,[0. 0. 0. 0. 0. 0. 0. 0. 0. 0.],0.0,0.0
191,"[4.38894863e-06 4.38894863e-06 4.38894863e-06 0.00000000e+00
 4.38894863e-06 0.00000000e+00 4.38894863e-06 0.00000000e+00
 4.38894863e-06 4.38894863e-06]",3.0722640391167566e-06,2.011268930591901e-06
192,[0. 0. 0. 0. 0. 0. 0. 0. 0. 0.],0.0,0.0
193,[0. 0. 0. 0. 0. 0. 0. 0. 0. 0.],0.0,0.0
194,"[-1.31668459e-05 -4.38894863e-06 -1.31668459e-05 -4.38894863e-06
 -4.38894863e-06 -4.38894863e-06 -4.38894863e-06 -1.31668459e-05
  0.00000000e+00 -1.31668459e-05]",-7.461212666570738e-06,4.827843490110259e-06
195,"[1.75557945e-05 2.19447431e-05 1.31668459e-05 2.19447431e-05
 8.77789725e-06 3.51115890e-05 2.19447431e-05 1.75557945e-05
 2.63336918e-05 1.75557945e-05]",2.0189163685790934e-05,6.855756918888523e-06
196,"[1.31668459e-05 2.19447431e-05 1.75557945e-05 2.19447431e-05
 2.19447431e-05 3.07226404e-05 2.19447431e-05 2.19447431e-05
 2.19447431e-05 3.95005376e-05]",2.3261427724963202e-05,6.8134805223909315e-06
197,"[8.77789725e-05 8.77789725e-05 1.00945818e-04 8.77789725e-05
 9.21679212e-05 7.90010753e-05 8.33900239e-05 8.33900239e-05
 8.33900239e-05 7.90010753e-05]",8.646228795887723e-05,6.222408601780434e-06
198,"[7.02231780e-05 7.46121267e-05 7.90010753e-05 1.00945818e-04
 7.90010753e-05 8.33900239e-05 8.33900239e-05 9.65568698e-05
 7.90010753e-05 7.02231780e-05]",8.16344444687811e-05,9.655686980190238e-06
199,"[0.00081634 0.00078123 0.00082951 0.00080757 0.00080757 0.00077684
 0.00077684 0.0007944  0.00078123 0.0008339 ]",0.0008005442296297405,2.0510999048561027e-05
200,[0. 0. 0. 0. 0. 0. 0. 0. 0. 0.],0.0,0.0
201,"[4.82784349e-05 3.95005376e-05 3.51115890e-05 3.51115890e-05
 4.38894863e-05 3.95005376e-05 4.38894863e-05 4.38894863e-05
 3.95005376e-05 3.95005376e-05]",4.0817222234357245e-05,3.9500537646255636e-06
202,"[-8.77789725e-06 -1.31668459e-05 -1.31668459e-05 -8.77789725e-06
 -8.77789725e-06 -8.77789725e-06 -8.77789725e-06 -1.31668459e-05
 -8.77789725e-06 -8.77789725e-06]",-1.009458184295653e-05,2.0112689306427776e-06
203,"[8.77789725e-06 8.77789725e-06 8.77789725e-06 1.75557945e-05
 1.31668459e-05 8.77789725e-06 1.31668459e-05 2.19447431e-05
 1.31668459e-05 1.31668459e-05]",1.2727951019275707e-05,4.140525854027578e-06
204,[0. 0. 0. 0. 0. 0. 0. 0. 0. 0.],0.0,0.0
205,"[4.38894863e-06 4.38894863e-06 4.38894863e-06 4.38894863e-06
 4.38894863e-06 4.38894863e-06 4.38894863e-06 4.38894863e-06
 4.38894863e-06 4.38894863e-06]",4.388948627309652e-06,0.0
206,"[1.31668459e-05 8.77789725e-06 8.77789725e-06 1.31668459e-05
 8.77789725e-06 8.77789725e-06 8.77789725e-06 8.77789725e-06
 8.77789725e-06 1.31668459e-05]",1.0094581842845507e-05,2.0112689306427776e-06
207,[0. 0. 0. 0. 0. 0. 0. 0. 0. 0.],0.0,0.0
208,[0. 0. 0. 0. 0. 0. 0. 0. 0. 0.],0.0,0.0
209,"[0.00020189 0.00021506 0.00021945 0.00021506 0.00022384 0.00021945
 0.00021506 0.00025456 0.00022823 0.00022384]",0.0002216419056814467,1.2908285167417504e-05
210,"[ 0.00000000e+00  0.00000000e+00  0.00000000e+00  0.00000000e+00
 -4.38894863e-06  0.00000000e+00  8.77789725e-06  0.00000000e+00
  0.00000000e+00  0.00000000e+00]",4.38894862719863e-07,3.072264039134203e-06
211,"[-4.38894863e-06 -4.38894863e-06 -4.38894863e-06 -4.38894863e-06
  0.00000000e+00 -4.38894863e-06 -4.38894863e-06 -4.38894863e-06
 -4.38894863e-06 -4.38894863e-06]",-3.950053764678607e-06,1.3166845882262023e-06
212,"[1.75557945e-05 2.63336918e-05 3.51115890e-05 2.19447431e-05
 1.31668459e-05 1.31668459e-05 1.75557945e-05 1.75557945e-05
 3.07226404e-05 2.19447431e-05]",2.1505848274006036e-05,6.92564411686861e-06
213,[0. 0. 0. 0. 0. 0. 0. 0. 0. 0.],0.0,0.0
214,"[6.14452808e-05 5.70563322e-05 5.70563322e-05 5.70563322e-05
 5.70563322e-05 7.46121267e-05 7.90010753e-05 7.02231780e-05
 1.00945818e-04 5.26673835e-05]",6.671201913576175e-05,1.4126688704533229e-05
215,"[-8.77789725e-06  0.00000000e+00 -4.38894863e-06  0.00000000e+00
 -4.38894863e-06 -4.38894863e-06 -4.38894863e-06 -4.38894863e-06
 -4.38894863e-06 -8.77789725e-06]",-4.3889486273984705e-06,2.7758148391887057e-06
216,"[0.00000000e+00 0.00000000e+00 0.00000000e+00 4.38894863e-06
 0.00000000e+00 0.00000000e+00 0.00000000e+00 0.00000000e+00
 0.00000000e+00 0.00000000e+00]",4.3889486273096523e-07,1.3166845881928957e-06
217,"[ 0.00000000e+00  0.00000000e+00  0.00000000e+00  4.38894863e-06
  0.00000000e+00  0.00000000e+00  0.00000000e+00  0.00000000e+00
  0.00000000e+00 -4.38894863e-06]",-1.1102230246251566e-17,1.9627974961085798e-06
218,"[ 0.00000000e+00  4.38894863e-06 -4.38894863e-06 -8.77789725e-06
 -4.38894863e-06 -4.38894863e-06 -4.38894863e-06 -4.38894863e-06
  0.00000000e+00  0.00000000e+00]",-2.6333691764524046e-06,3.5111589018949062e-06
219,"[0.00074173 0.00073734 0.0007549  0.00077245 0.0007154  0.00074173
 0.00075051 0.00074173 0.00081196 0.00074612]",0.0007513880050033616,2.4341854548237737e-05
220,"[5.70563322e-05 6.14452808e-05 6.14452808e-05 6.14452808e-05
 5.70563322e-05 6.14452808e-05 5.70563322e-05 6.58342294e-05
 5.26673835e-05 6.14452808e-05]",5.968970133197748e-05,3.5111589018671507e-06
221,"[3.07226404e-05 2.63336918e-05 2.63336918e-05 2.19447431e-05
 2.63336918e-05 2.19447431e-05 2.63336918e-05 2.63336918e-05
 2.63336918e-05 2.63336918e-05]",2.5894796901360096e-05,2.363521168833601e-06
222,"[0.00018872 0.00018872 0.00020189 0.000158   0.00017556 0.00016678
 0.00016678 0.00016678 0.00016678 0.00016239]",0.00017424126050602506,1.3463417367222129e-05
223,"[1.75557945e-05 4.38894863e-06 4.38894863e-06 1.75557945e-05
 0.00000000e+00 1.31668459e-05 2.19447431e-05 8.77789725e-06
 1.31668459e-05 8.77789725e-06]",1.0972371568340745e-05,6.583422941031092e-06
224,"[0.00016678 0.00016239 0.00015361 0.00017117 0.00017117 0.00015361
 0.000158   0.00015361 0.000158   0.00016239]",0.00016107441462392957,6.524641202285598e-06
225,"[1.27279510e-04 1.18501613e-04 1.18501613e-04 1.00945818e-04
 1.18501613e-04 1.09723716e-04 1.14112664e-04 1.18501613e-04
 7.90010753e-05 1.18501613e-04]",0.00011235708486028173,1.2900821573186334e-05
226,"[0.000158   0.00014484 0.00015361 0.00016678 0.00016678 0.00017117
 0.00014922 0.00014922 0.00015361 0.00015361]",0.00015668546599657552,8.339002391998193e-06
227,"[ 4.38894863e-06  4.38894863e-06  4.38894863e-06  4.38894863e-06
  4.38894863e-06  4.38894863e-06  4.38894863e-06  4.38894863e-06
  8.77789725e-06 -4.38894863e-06]",3.950053764567585e-06,3.072264039146891e-06
228,"[5.26673835e-05 5.26673835e-05 4.38894863e-05 4.38894863e-05
 3.95005376e-05 4.82784349e-05 3.95005376e-05 4.82784349e-05
 4.38894863e-05 3.51115890e-05]",4.476727599899144e-05,5.481795078597324e-06
229,"[1.75557945e-05 1.75557945e-05 1.75557945e-05 1.75557945e-05
 1.75557945e-05 1.75557945e-05 1.75557945e-05 1.75557945e-05
 1.75557945e-05 1.75557945e-05]",1.755579450934963e-05,0.0
230,"[1.75557945e-05 2.19447431e-05 2.19447431e-05 2.19447431e-05
 2.63336918e-05 2.63336918e-05 2.19447431e-05 3.07226404e-05
 2.19447431e-05 2.19447431e-05]",2.3261427724963202e-05,3.4278784594442617e-06
231,"[ 4.38894863e-06  4.38894863e-06  4.38894863e-06  4.38894863e-06
  4.38894863e-06  4.38894863e-06  4.38894863e-06  0.00000000e+00
  4.38894863e-06 -4.38894863e-06]",3.0722640391056545e-06,2.8102983332668825e-06
232,"[0.00014045 0.00012289 0.00014045 0.00014045 0.00012289 0.00012289
 0.00014045 0.00014045 0.00014484 0.00015361]",0.00013693519717344893,9.969774795679387e-06
233,[0. 0. 0. 0. 0. 0. 0. 0. 0. 0.],0.0,0.0
234,"[0.00020628 0.0001975  0.00018872 0.00015361 0.00016678 0.00016239
 0.00017556 0.00015361 0.00015361 0.00017117]",0.00017292457591778777,1.8010739343587125e-05
235,"[9.21679212e-05 8.33900239e-05 9.21679212e-05 9.21679212e-05
 8.33900239e-05 8.33900239e-05 7.90010753e-05 9.65568698e-05
 9.65568698e-05 9.21679212e-05]",8.909565713528522e-05,5.904726479421467e-06
236,[0. 0. 0. 0. 0. 0. 0. 0. 0. 0.],0.0,0.0
237,"[1.31668459e-05 1.31668459e-05 8.77789725e-06 4.38894863e-06
 1.31668459e-05 4.38894863e-06 1.31668459e-05 1.31668459e-05
 8.77789725e-06 1.31668459e-05]",1.053347670560978e-05,3.511158901897682e-06
238,[0. 0. 0. 0. 0. 0. 0. 0. 0. 0.],0.0,0.0
239,[0. 0. 0. 0. 0. 0. 0. 0. 0. 0.],0.0,0.0
240,[0. 0. 0. 0. 0. 0. 0. 0. 0. 0.],0.0,0.0
241,"[-4.38894863e-06 -4.38894863e-06 -4.38894863e-06 -4.38894863e-06
 -4.38894863e-06 -4.38894863e-06 -4.38894863e-06 -4.38894863e-06
 -4.38894863e-06 -4.38894863e-06]",-4.388948627420675e-06,0.0
242,"[ 0.00000000e+00  0.00000000e+00 -4.38894863e-06  0.00000000e+00
  0.00000000e+00  0.00000000e+00  0.00000000e+00  4.38894863e-06
  0.00000000e+00  0.00000000e+00]",-1.1102230246251566e-17,1.9627974961085798e-06
243,"[2.19447431e-05 2.63336918e-05 8.77789725e-06 2.19447431e-05
 2.19447431e-05 8.77789725e-06 1.75557945e-05 1.75557945e-05
 1.75557945e-05 2.63336918e-05]",1.8872479097575833e-05,5.904726479457776e-06
244,"[1.00945818e-04 1.18501613e-04 1.00945818e-04 1.05334767e-04
 9.65568698e-05 8.77789725e-05 7.46121267e-05 9.65568698e-05
 1.05334767e-04 1.09723716e-04]",9.962913384095051e-05,1.1453390112308743e-05
245,"[ 8.77789725e-06  4.38894863e-06 -4.38894863e-06  4.38894863e-06
 -1.31668459e-05  0.00000000e+00  4.38894863e-06 -4.38894863e-06
  4.38894863e-06 -8.77789725e-06]",-4.388948627864764e-07,6.641684456722536e-06
246,"[-1.31668459e-05 -1.31668459e-05 -1.31668459e-05 -1.31668459e-05
 -1.75557945e-05 -1.31668459e-05 -1.31668459e-05 -1.31668459e-05
 -1.31668459e-05 -1.31668459e-05]",-1.3605740744881967e-05,1.3166845881928957e-06
247,[0. 0. 0. 0. 0. 0. 0. 0. 0. 0.],0.0,0.0
248,"[8.77789725e-06 1.31668459e-05 1.31668459e-05 1.31668459e-05
 0.00000000e+00 8.77789725e-06 1.31668459e-05 1.75557945e-05
 8.77789725e-06 1.31668459e-05]",1.0972371568340745e-05,4.497334049880135e-06
249,"[ 0.00000000e+00 -4.38894863e-06  0.00000000e+00  0.00000000e+00
  0.00000000e+00  0.00000000e+00 -4.38894863e-06 -4.38894863e-06
 -4.38894863e-06  0.00000000e+00]",-1.7555794509682698e-06,2.1501369288938502e-06
250,"[-4.38894863e-06 -4.38894863e-06 -4.38894863e-06 -4.38894863e-06
 -4.38894863e-06 -4.38894863e-06 -4.38894863e-06 -4.38894863e-06
 -4.38894863e-06 -4.38894863e-06]",-4.388948627420675e-06,0.0
251,"[0.00021945 0.000237   0.00025456 0.00024139 0.00025456 0.00025895
 0.00025017 0.00024139 0.00023261 0.00021945]",0.00024095327964183122,1.3377296542922202e-05
252,"[-8.77789725e-06 -4.38894863e-06 -8.77789725e-06 -4.38894863e-06
 -4.38894863e-06 -4.38894863e-06 -4.38894863e-06 -8.77789725e-06
 -4.38894863e-06 -8.77789725e-06]",-6.1445280783445355e-06,2.1501369288394606e-06
253,"[-4.38894863e-06 -1.31668459e-05 -8.77789725e-06 -1.75557945e-05
 -8.77789725e-06 -8.77789725e-06 -1.31668459e-05 -8.77789725e-06
 -1.31668459e-05 -4.38894863e-06]",-1.009458184296763e-05,3.9500537646255636e-06
254,"[ 0.00000000e+00 -4.38894863e-06 -8.77789725e-06 -4.38894863e-06
  4.38894863e-06 -8.77789725e-06 -4.38894863e-06 -4.38894863e-06
  0.00000000e+00 -4.38894863e-06]",-3.5111589019254375e-06,3.826196707010166e-06
255,"[8.77789725e-06 4.38894863e-06 4.38894863e-06 1.75557945e-05
 1.75557945e-05 8.77789725e-06 4.38894863e-06 1.31668459e-05
 4.38894863e-06 4.38894863e-06]",8.777897254652612e-06,5.193074048664804e-06
256,"[ 0.00000000e+00  0.00000000e+00 -4.38894863e-06  4.38894863e-06
  4.38894863e-06  0.00000000e+00  4.38894863e-06  0.00000000e+00
  0.00000000e+00 -4.38894863e-06]",4.388948627087608e-07,3.072264039151649e-06
257,"[4.38894863e-06 4.38894863e-06 4.38894863e-06 4.38894863e-06
 4.38894863e-06 4.38894863e-06 4.38894863e-06 4.38894863e-06
 4.38894863e-06 4.38894863e-06]",4.388948627309652e-06,0.0
258,[0. 0. 0. 0. 0. 0. 0. 0. 0. 0.],0.0,0.0
259,"[4.38894863e-06 4.38894863e-06 4.38894863e-06 4.38894863e-06
 4.38894863e-06 4.38894863e-06 4.38894863e-06 4.38894863e-06
 4.38894863e-06 4.38894863e-06]",4.388948627309652e-06,0.0
260,"[ 0.00000000e+00  0.00000000e+00 -4.38894863e-06 -4.38894863e-06
 -8.77789725e-06  0.00000000e+00 -4.38894863e-06  8.77789725e-06
  0.00000000e+00 -1.31668459e-05]",-2.6333691764524046e-06,5.620596666538967e-06
261,"[-8.77789725e-06 -8.77789725e-06 -8.77789725e-06 -4.38894863e-06
 -4.38894863e-06 -1.31668459e-05 -8.77789725e-06 -8.77789725e-06
 -8.77789725e-06 -1.31668459e-05]",-8.777897254752531e-06,2.7758148391887057e-06
262,"[4.38894863e-06 4.38894863e-06 0.00000000e+00 4.38894863e-06
 0.00000000e+00 0.00000000e+00 0.00000000e+00 0.00000000e+00
 0.00000000e+00 4.38894863e-06]",1.755579450923861e-06,2.1501369288394606e-06
263,"[-4.38894863e-06 -8.77789725e-06 -1.31668459e-05 -1.31668459e-05
 -8.77789725e-06 -1.31668459e-05 -1.31668459e-05 -4.38894863e-06
 -4.38894863e-06 -1.75557945e-05]",-1.0094581842978734e-05,4.410838781244838e-06
264,"[-8.77789725e-06 -1.31668459e-05 -1.31668459e-05 -4.38894863e-06
 -8.77789725e-06  4.38894863e-06 -8.77789725e-06 -1.31668459e-05
 -4.38894863e-06  0.00000000e+00]",-7.022317803817568e-06,5.620596666547636e-06
265,"[-4.38894863e-06  0.00000000e+00  0.00000000e+00  0.00000000e+00
 -4.38894863e-06  4.38894863e-06  0.00000000e+00  0.00000000e+00
  0.00000000e+00  4.38894863e-06]",-2.2204460492503132e-17,2.7758148391887057e-06
266,"[0.00048717 0.00046962 0.00049156 0.00049595 0.00050912 0.00050034
 0.00048278 0.00048717 0.00051351 0.00049156]",0.0004928789308520809,1.210745394818933e-05
267,"[0.00065834 0.0006364  0.0007154  0.00068029 0.0006759  0.00064079
 0.00068468 0.00068029 0.00064079 0.00069345]",0.0006706313502600092,2.4578112313183457e-05
268,"[-4.38894863e-06 -4.38894863e-06 -4.38894863e-06 -4.38894863e-06
 -4.38894863e-06 -4.38894863e-06 -4.38894863e-06 -4.38894863e-06
 -4.38894863e-06 -4.38894863e-06]",-4.388948627420675e-06,0.0
269,"[0.00093924 0.00090851 0.00098312 0.00096118 0.00093046 0.00089096
 0.00096996 0.00091729 0.00095679 0.00094801]",0.0009405516908424283,2.7482669717495842e-05
270,[0. 0. 0. 0. 0. 0. 0. 0. 0. 0.],0.0,0.0
271,"[0.0001975  0.00025456 0.00026773 0.00026334 0.00025017 0.00024578
 0.00024578 0.00025895 0.00025017 0.000237  ]",0.0002470978077201202,1.8625903727451782e-05
272,"[-8.77789725e-06 -8.77789725e-06 -8.77789725e-06 -8.77789725e-06
 -8.77789725e-06 -8.77789725e-06 -8.77789725e-06 -8.77789725e-06
 -8.77789725e-06 -4.38894863e-06]",-8.339002391999362e-06,1.3166845881928957e-06
273,"[-1.31668459e-05 -8.77789725e-06 -4.38894863e-06 -8.77789725e-06
 -1.31668459e-05 -8.77789725e-06 -8.77789725e-06 -8.77789725e-06
 -8.77789725e-06  0.00000000e+00]",-8.339002392010465e-06,3.645734540127987e-06
274,"[-8.77789725e-06 -8.77789725e-06 -8.77789725e-06 -1.31668459e-05
 -8.77789725e-06 -1.31668459e-05 -8.77789725e-06 -8.77789725e-06
 -8.77789725e-06 -8.77789725e-06]",-9.655686980214461e-06,1.75557945096827e-06
275,[0. 0. 0. 0. 0. 0. 0. 0. 0. 0.],0.0,0.0
276,"[-4.38894863e-06 -4.38894863e-06 -4.38894863e-06 -8.77789725e-06
 -4.38894863e-06 -4.38894863e-06 -4.38894863e-06  0.00000000e+00
 -4.38894863e-06 -4.38894863e-06]",-4.3889486274095725e-06,1.9627974961085798e-06
277,"[1.75557945e-05 0.00000000e+00 4.38894863e-06 1.31668459e-05
 4.38894863e-06 8.77789725e-06 4.38894863e-06 8.77789725e-06
 4.38894863e-06 0.00000000e+00]",6.5834229409866826e-06,5.284993999757859e-06
278,[0. 0. 0. 0. 0. 0. 0. 0. 0. 0.],0.0,0.0
279,[0. 0. 0. 0. 0. 0. 0. 0. 0. 0.],0.0,0.0
280,"[4.38894863e-06 0.00000000e+00 0.00000000e+00 4.38894863e-06
 0.00000000e+00 0.00000000e+00 0.00000000e+00 0.00000000e+00
 0.00000000e+00 0.00000000e+00]",8.777897254619305e-07,1.7555794509238611e-06
281,[0. 0. 0. 0. 0. 0. 0. 0. 0. 0.],0.0,0.0
282,"[1.31668459e-05 8.77789725e-06 1.75557945e-05 2.19447431e-05
 2.63336918e-05 1.31668459e-05 2.19447431e-05 2.19447431e-05
 8.77789725e-06 1.75557945e-05]",1.7116899646640872e-05,5.705633215581117e-06
283,"[4.38894863e-06 1.31668459e-05 1.75557945e-05 2.63336918e-05
 1.75557945e-05 1.31668459e-05 1.31668459e-05 1.31668459e-05
 1.75557945e-05 1.31668459e-05]",1.492242533296384e-05,5.266738352817842e-06
284,"[-4.38894863e-06 -4.38894863e-06 -4.38894863e-06 -4.38894863e-06
 -4.38894863e-06 -4.38894863e-06 -4.38894863e-06 -4.38894863e-06
 -4.38894863e-06 -4.38894863e-06]",-4.388948627420675e-06,0.0
285,[0. 0. 0. 0. 0. 0. 0. 0. 0. 0.],0.0,0.0
286,"[0.00017117 0.00017117 0.00016678 0.00017556 0.00015361 0.00018434
 0.00016678 0.000158   0.00017117 0.00014922]",0.00016678004783949875,1.0008342733859493e-05
287,"[0.00090851 0.00089973 0.00098751 0.0009524  0.00093924 0.00091729
 0.00092607 0.00092607 0.00090412 0.00093046]",0.0009291404244112899,2.4753825894274724e-05
288,"[-8.77789725e-06 -8.77789725e-06 -4.38894863e-06 -8.77789725e-06
 -1.31668459e-05 -8.77789725e-06 -4.38894863e-06 -8.77789725e-06
 -8.77789725e-06 -8.77789725e-06]",-8.339002392010465e-06,2.363521168833601e-06
289,"[0.0008734  0.00090412 0.00094801 0.00092168 0.00092168 0.00094362
 0.00094362 0.0009129  0.00089973 0.00092168]",0.0009190458425683667,2.1874407240672138e-05
290,"[ 0.00000000e+00 -4.38894863e-06  0.00000000e+00  0.00000000e+00
  4.38894863e-06 -4.38894863e-06 -4.38894863e-06  8.77789725e-06
  0.00000000e+00 -4.38894863e-06]",-4.3889486277537416e-07,4.140525854002865e-06
291,"[2.63336918e-05 2.19447431e-05 2.63336918e-05 2.63336918e-05
 2.19447431e-05 3.07226404e-05 3.51115890e-05 3.07226404e-05
 2.19447431e-05 2.19447431e-05]",2.6333691764113264e-05,4.388948627354061e-06
292,"[2.19447431e-05 2.19447431e-05 2.63336918e-05 1.31668459e-05
 2.19447431e-05 1.31668459e-05 2.19447431e-05 1.75557945e-05
 2.63336918e-05 1.31668459e-05]",1.975026882307107e-05,4.906993740259037e-06
293,"[1.31668459e-05 1.75557945e-05 1.31668459e-05 1.75557945e-05
 1.31668459e-05 1.31668459e-05 1.75557945e-05 1.75557945e-05
 8.77789725e-06 1.75557945e-05]",1.4922425332952737e-05,2.911299164209731e-06
294,"[-8.77789725e-06 -8.77789725e-06 -8.77789725e-06 -1.31668459e-05
 -4.38894863e-06 -8.77789725e-06 -4.38894863e-06 -8.77789725e-06
 -2.19447431e-05 -4.38894863e-06]",-9.216792117483496e-06,4.984887397820633e-06
295,"[ 0.00000000e+00  0.00000000e+00 -4.38894863e-06  0.00000000e+00
  0.00000000e+00  0.00000000e+00  0.00000000e+00  0.00000000e+00
  0.00000000e+00  0.00000000e+00]",-4.3889486274206745e-07,1.3166845882262023e-06
296,"[ 0.00000000e+00 -4.38894863e-06  0.00000000e+00  0.00000000e+00
  0.00000000e+00  0.00000000e+00  0.00000000e+00 -4.38894863e-06
  0.00000000e+00  0.00000000e+00]",-8.777897254841349e-07,1.7555794509682698e-06
297,"[-4.38894863e-06 -1.31668459e-05 -1.75557945e-05 -1.31668459e-05
 -1.31668459e-05 -8.77789725e-06 -4.38894863e-06 -8.77789725e-06
 -8.77789725e-06 -8.77789725e-06]",-1.009458184296763e-05,3.9500537646255636e-06
298,"[4.38894863e-06 4.38894863e-06 4.38894863e-06 4.38894863e-06
 4.38894863e-06 4.38894863e-06 4.38894863e-06 4.38894863e-06
 4.38894863e-06 4.38894863e-06]",4.388948627309652e-06,0.0
299,[0. 0. 0. 0. 0. 0. 0. 0. 0. 0.],0.0,0.0
300,"[-4.38894863e-06 -4.38894863e-06 -4.38894863e-06 -4.38894863e-06
 -4.38894863e-06  0.00000000e+00 -4.38894863e-06 -4.38894863e-06
 -4.38894863e-06 -4.38894863e-06]",-3.950053764678607e-06,1.3166845882262023e-06
301,"[ 0.00000000e+00  0.00000000e+00  0.00000000e+00  0.00000000e+00
 -4.38894863e-06  0.00000000e+00  0.00000000e+00  0.00000000e+00
  0.00000000e+00  0.00000000e+00]",-4.3889486274206745e-07,1.3166845882262023e-06
302,"[-4.38894863e-06 -4.38894863e-06 -8.77789725e-06 -1.31668459e-05
 -8.77789725e-06 -8.77789725e-06 -1.31668459e-05 -8.77789725e-06
 -1.31668459e-05 -8.77789725e-06]",-9.216792117494599e-06,3.0722640391595796e-06
303,"[4.38894863e-06 0.00000000e+00 0.00000000e+00 0.00000000e+00
 0.00000000e+00 0.00000000e+00 0.00000000e+00 0.00000000e+00
 0.00000000e+00 0.00000000e+00]",4.3889486273096523e-07,1.3166845881928957e-06
304,"[-8.77789725e-06  0.00000000e+00 -8.77789725e-06 -1.31668459e-05
 -1.31668459e-05 -8.77789725e-06 -8.77789725e-06 -8.77789725e-06
 -8.77789725e-06 -8.77789725e-06]",-8.77789725474143e-06,3.399664988243369e-06
305,"[ 0.00000000e+00  0.00000000e+00 -4.38894863e-06  0.00000000e+00
  0.00000000e+00  0.00000000e+00  0.00000000e+00  0.00000000e+00
  0.00000000e+00  0.00000000e+00]",-4.3889486274206745e-07,1.3166845882262023e-06
306,"[0.00012289 0.00014045 0.00013167 0.00012289 0.00013606 0.0001185
 0.00013606 0.00014484 0.00010533 0.00012289]",0.00012815729991875192,1.1241193333064062e-05
307,"[-4.38894863e-06 -4.38894863e-06 -4.38894863e-06 -8.77789725e-06
 -4.38894863e-06 -4.38894863e-06 -4.38894863e-06 -4.38894863e-06
 -8.77789725e-06 -4.38894863e-06]",-5.266738352882605e-06,1.7555794509238611e-06
308,"[-1.75557945e-05  0.00000000e+00 -4.38894863e-06  0.00000000e+00
  4.38894863e-06 -8.77789725e-06 -4.38894863e-06 -4.38894863e-06
 -8.77789725e-06 -8.77789725e-06]",-5.266738352860401e-06,5.822598328434526e-06
309,"[-8.77789725e-06  0.00000000e+00  4.38894863e-06 -8.77789725e-06
 -4.38894863e-06  0.00000000e+00 -4.38894863e-06 -4.38894863e-06
 -8.77789725e-06 -4.38894863e-06]",-3.950053764656402e-06,4.140525854004042e-06
310,"[0.00000000e+00 0.00000000e+00 0.00000000e+00 4.38894863e-06
 0.00000000e+00 0.00000000e+00 0.00000000e+00 0.00000000e+00
 0.00000000e+00 0.00000000e+00]",4.3889486273096523e-07,1.3166845881928957e-06
311,"[5.70563322e-05 7.90010753e-05 6.14452808e-05 5.70563322e-05
 7.90010753e-05 6.58342294e-05 4.82784349e-05 6.14452808e-05
 8.77789725e-05 5.70563322e-05]",6.539533454754664e-05,1.185016129386641e-05
312,"[3.07226404e-05 3.95005376e-05 2.19447431e-05 3.51115890e-05
 3.07226404e-05 3.07226404e-05 1.75557945e-05 2.19447431e-05
 3.95005376e-05 2.19447431e-05]",2.896706094052126e-05,7.396387696163463e-06
313,"[ 8.77789725e-06  0.00000000e+00 -4.38894863e-06  0.00000000e+00
  0.00000000e+00  4.38894863e-06  0.00000000e+00  0.00000000e+00
  0.00000000e+00  8.77789725e-06]",1.7555794509127586e-06,4.02253786120076e-06
314,"[ 1.31668459e-05  4.38894863e-06  4.38894863e-06  8.77789725e-06
 -4.38894863e-06  8.77789725e-06  4.38894863e-06  8.77789725e-06
  4.38894863e-06  0.00000000e+00]",5.266738352771583e-06,4.727042337663079e-06
315,"[1.31668459e-05 8.77789725e-06 4.38894863e-06 1.31668459e-05
 1.31668459e-05 1.75557945e-05 1.75557945e-05 1.31668459e-05
 1.31668459e-05 1.31668459e-05]",1.272795101928681e-05,3.6457345401106115e-06
316,"[-8.77789725e-06 -8.77789725e-06 -8.77789725e-06 -8.77789725e-06
 -1.31668459e-05 -8.77789725e-06 -8.77789725e-06 -8.77789725e-06
 -1.31668459e-05 -8.77789725e-06]",-9.655686980214461e-06,1.75557945096827e-06
317,"[4.38894863e-06 4.38894863e-06 4.38894863e-06 0.00000000e+00
 0.00000000e+00 0.00000000e+00 4.38894863e-06 4.38894863e-06
 0.00000000e+00 0.00000000e+00]",2.194474313654826e-06,2.194474313654826e-06
318,[0. 0. 0. 0. 0. 0. 0. 0. 0. 0.],0.0,0.0
319,"[4.38894863e-06 4.38894863e-06 4.38894863e-06 4.38894863e-06
 4.38894863e-06 4.38894863e-06 4.38894863e-06 4.38894863e-06
 4.38894863e-06 0.00000000e+00]",3.950053764578687e-06,1.3166845881928957e-06
320,"[-4.38894863e-06 -4.38894863e-06 -4.38894863e-06 -8.77789725e-06
 -4.38894863e-06 -4.38894863e-06 -4.38894863e-06 -4.38894863e-06
 -8.77789725e-06 -4.38894863e-06]",-5.266738352882605e-06,1.7555794509238611e-06
321,"[1.75557945e-05 1.31668459e-05 2.19447431e-05 2.63336918e-05
 1.75557945e-05 2.19447431e-05 1.75557945e-05 2.19447431e-05
 2.63336918e-05 1.31668459e-05]",1.975026882305997e-05,4.497334049885553e-06
322,[0. 0. 0. 0. 0. 0. 0. 0. 0. 0.],0.0,0.0
323,"[4.38894863e-06 0.00000000e+00 4.38894863e-06 1.75557945e-05
 1.75557945e-05 0.00000000e+00 0.00000000e+00 8.77789725e-06
 1.31668459e-05 4.38894863e-06]",7.022317803728751e-06,6.568776820663796e-06
324,[0. 0. 0. 0. 0. 0. 0. 0. 0. 0.],0.0,0.0
325,"[ 0.00000000e+00 -4.38894863e-06  0.00000000e+00 -1.31668459e-05
  8.77789725e-06 -8.77789725e-06 -1.75557945e-05 -1.31668459e-05
 -4.38894863e-06 -2.19447431e-05]",-7.461212666548533e-06,8.788862777098969e-06
326,"[-4.38894863e-06 -2.19447431e-05 -4.38894863e-06 -1.31668459e-05
 -2.63336918e-05 -1.75557945e-05 -2.63336918e-05 -8.77789725e-06
 -1.75557945e-05 -1.31668459e-05]",-1.5361320195794725e-05,7.664969253902375e-06
327,"[-4.38894863e-06  8.77789725e-06  0.00000000e+00  0.00000000e+00
 -4.38894863e-06  0.00000000e+00  4.38894863e-06  0.00000000e+00
  8.77789725e-06 -4.38894863e-06]",8.777897254286237e-07,4.727042337658955e-06
328,[0. 0. 0. 0. 0. 0. 0. 0. 0. 0.],0.0,0.0
329,"[-2.63336918e-05 -2.63336918e-05 -2.63336918e-05 -2.63336918e-05
 -2.19447431e-05 -3.07226404e-05 -2.63336918e-05 -2.63336918e-05
 -2.63336918e-05 -3.07226404e-05]",-2.6772586626910843e-05,2.3635211688336007e-06
330,"[-4.38894863e-06  0.00000000e+00 -4.38894863e-06  0.00000000e+00
  0.00000000e+00  0.00000000e+00  0.00000000e+00  0.00000000e+00
  0.00000000e+00  0.00000000e+00]",-8.777897254841349e-07,1.7555794509682698e-06
331,"[-4.38894863e-06 -4.38894863e-06  0.00000000e+00  0.00000000e+00
  0.00000000e+00  0.00000000e+00  0.00000000e+00  0.00000000e+00
  0.00000000e+00 -4.38894863e-06]",-1.3166845882262023e-06,2.0112689306427776e-06
332,"[0.00000000e+00 0.00000000e+00 0.00000000e+00 0.00000000e+00
 4.38894863e-06 0.00000000e+00 0.00000000e+00 0.00000000e+00
 0.00000000e+00 0.00000000e+00]",4.3889486273096523e-07,1.3166845881928957e-06
333,"[4.38894863e-06 4.38894863e-06 8.77789725e-06 4.38894863e-06
 4.38894863e-06 4.38894863e-06 4.38894863e-06 0.00000000e+00
 4.38894863e-06 4.38894863e-06]",4.388948627309652e-06,1.9627974960837545e-06
334,"[-4.38894863e-06  0.00000000e+00 -8.77789725e-06  0.00000000e+00
 -4.38894863e-06  0.00000000e+00 -4.38894863e-06 -4.38894863e-06
  0.00000000e+00 -4.38894863e-06]",-3.07226403918337e-06,2.810298333285955e-06
335,[0. 0. 0. 0. 0. 0. 0. 0. 0. 0.],0.0,0.0
336,[0. 0. 0. 0. 0. 0. 0. 0. 0. 0.],0.0,0.0
337,[0. 0. 0. 0. 0. 0. 0. 0. 0. 0.],0.0,0.0
338,[0. 0. 0. 0. 0. 0. 0. 0. 0. 0.],0.0,0.0
339,[0. 0. 0. 0. 0. 0. 0. 0. 0. 0.],0.0,0.0
340,[0. 0. 0. 0. 0. 0. 0. 0. 0. 0.],0.0,0.0
341,[0. 0. 0. 0. 0. 0. 0. 0. 0. 0.],0.0,0.0
342,[0. 0. 0. 0. 0. 0. 0. 0. 0. 0.],0.0,0.0
343,"[4.38894863e-05 3.95005376e-05 5.26673835e-05 5.26673835e-05
 5.70563322e-05 5.26673835e-05 4.82784349e-05 4.38894863e-05
 4.82784349e-05 4.82784349e-05]",4.8717329763614535e-05,4.9848873978489805e-06
344,"[-2.19447431e-05 -1.31668459e-05 -1.75557945e-05 -1.75557945e-05
 -1.31668459e-05 -1.75557945e-05 -2.19447431e-05 -2.19447431e-05
 -1.75557945e-05 -1.75557945e-05]",-1.799468937219162e-05,3.0722640391167566e-06
345,"[8.77789725e-06 8.77789725e-06 8.77789725e-06 1.31668459e-05
 1.31668459e-05 8.77789725e-06 1.31668459e-05 8.77789725e-06
 1.75557945e-05 8.77789725e-06]",1.0972371568318539e-05,2.9441962441752825e-06
346,"[4.38894863e-05 4.38894863e-05 4.82784349e-05 4.38894863e-05
 4.38894863e-05 4.38894863e-05 4.38894863e-05 3.95005376e-05
 4.38894863e-05 4.38894863e-05]",4.388948627352951e-05,1.9627974961085798e-06
347,"[1.31668459e-05 8.77789725e-06 8.77789725e-06 1.31668459e-05
 1.75557945e-05 8.77789725e-06 8.77789725e-06 8.77789725e-06
 8.77789725e-06 1.31668459e-05]",1.0972371568318539e-05,2.9441962441752825e-06
348,"[-1.31668459e-05 -8.77789725e-06 -4.38894863e-06 -8.77789725e-06
 -1.31668459e-05 -8.77789725e-06 -8.77789725e-06 -4.38894863e-06
 -1.31668459e-05 -1.31668459e-05]",-9.655686980236666e-06,3.284388410356377e-06
349,"[1.75557945e-05 1.75557945e-05 2.19447431e-05 3.95005376e-05
 3.07226404e-05 2.19447431e-05 1.31668459e-05 2.19447431e-05
 3.51115890e-05 8.77789725e-06]",2.282253286221003e-05,9.164393784298147e-06
350,"[1.09723716e-04 1.00945818e-04 9.65568698e-05 1.05334767e-04
 1.14112664e-04 8.77789725e-05 9.65568698e-05 9.65568698e-05
 1.00945818e-04 1.05334767e-04]",0.00010138471329189658,7.198410966611809e-06
351,"[ 4.38894863e-06  0.00000000e+00  0.00000000e+00  4.38894863e-06
  0.00000000e+00  0.00000000e+00  0.00000000e+00  0.00000000e+00
 -4.38894863e-06 -4.38894863e-06]",-2.2204460492503132e-17,2.7758148391887057e-06
352,[0. 0. 0. 0. 0. 0. 0. 0. 0. 0.],0.0,0.0
353,[0. 0. 0. 0. 0. 0. 0. 0. 0. 0.],0.0,0.0
354,"[ 0.00000000e+00  0.00000000e+00  0.00000000e+00 -4.38894863e-06
  0.00000000e+00  0.00000000e+00  0.00000000e+00  0.00000000e+00
 -4.38894863e-06  0.00000000e+00]",-8.777897254841349e-07,1.7555794509682698e-06
355,"[ 0.00000000e+00  0.00000000e+00  0.00000000e+00  0.00000000e+00
  0.00000000e+00 -4.38894863e-06  0.00000000e+00  0.00000000e+00
  0.00000000e+00  0.00000000e+00]",-4.3889486274206745e-07,1.3166845882262023e-06
356,"[1.31668459e-05 1.31668459e-05 1.31668459e-05 1.31668459e-05
 1.31668459e-05 1.31668459e-05 8.77789725e-06 4.38894863e-06
 1.75557945e-05 8.77789725e-06]",1.1850161293813776e-05,3.4278784594456826e-06
357,"[-4.38894863e-06 -8.77789725e-06 -1.31668459e-05 -1.31668459e-05
 -1.31668459e-05 -8.77789725e-06 -1.31668459e-05 -8.77789725e-06
 -1.31668459e-05 -1.31668459e-05]",-1.0972371568451767e-05,2.9441962441752825e-06
358,"[-4.38894863e-06 -4.38894863e-06 -8.77789725e-06 -8.77789725e-06
 -1.31668459e-05 -4.38894863e-06 -8.77789725e-06 -8.77789725e-06
 -8.77789725e-06 -4.38894863e-06]",-7.461212666548533e-06,2.810298333259947e-06
359,"[0.00000000e+00 4.38894863e-06 4.38894863e-06 4.38894863e-06
 4.38894863e-06 4.38894863e-06 4.38894863e-06 4.38894863e-06
 0.00000000e+00 0.00000000e+00]",3.0722640391167566e-06,2.011268930591901e-06
360,"[ 4.38894863e-06  0.00000000e+00  1.31668459e-05  4.38894863e-06
  1.75557945e-05  4.38894863e-06  1.75557945e-05  0.00000000e+00
 -4.38894863e-06  8.77789725e-06]",6.5834229409866826e-06,7.144690731008571e-06
361,"[ 0.00000000e+00  0.00000000e+00 -8.77789725e-06  0.00000000e+00
 -4.38894863e-06 -4.38894863e-06  0.00000000e+00 -8.77789725e-06
  4.38894863e-06 -8.77789725e-06]",-3.0722640391722678e-06,4.410838781244838e-06
362,"[ 0.00000000e+00 -4.38894863e-06  0.00000000e+00 -8.77789725e-06
  0.00000000e+00 -4.38894863e-06  0.00000000e+00 -4.38894863e-06
 -4.38894863e-06  0.00000000e+00]",-2.6333691764413025e-06,2.911299164236511e-06
363,"[-4.38894863e-06  0.00000000e+00  0.00000000e+00  0.00000000e+00
  0.00000000e+00  0.00000000e+00  0.00000000e+00  0.00000000e+00
  0.00000000e+00  0.00000000e+00]",-4.3889486274206745e-07,1.3166845882262023e-06
364,"[ 1.31668459e-05  0.00000000e+00  0.00000000e+00  8.77789725e-06
  4.38894863e-06  0.00000000e+00  0.00000000e+00 -4.38894863e-06
  4.38894863e-06 -8.77789725e-06]",1.7555794509127586e-06,5.9534595739321306e-06
365,"[4.38894863e-06 4.38894863e-06 4.38894863e-06 4.38894863e-06
 4.38894863e-06 4.38894863e-06 4.38894863e-06 4.38894863e-06
 4.38894863e-06 4.38894863e-06]",4.388948627309652e-06,0.0
366,[0. 0. 0. 0. 0. 0. 0. 0. 0. 0.],0.0,0.0
367,"[-4.38894863e-06  0.00000000e+00  0.00000000e+00  0.00000000e+00
 -4.38894863e-06 -4.38894863e-06 -4.38894863e-06 -4.38894863e-06
  0.00000000e+00  0.00000000e+00]",-2.1944743137103373e-06,2.1944743137103373e-06
368,[0. 0. 0. 0. 0. 0. 0. 0. 0. 0.],0.0,0.0
369,[0. 0. 0. 0. 0. 0. 0. 0. 0. 0.],0.0,0.0
370,"[ 0.00000000e+00 -4.38894863e-06 -4.38894863e-06  0.00000000e+00
  0.00000000e+00  0.00000000e+00 -4.38894863e-06  0.00000000e+00
 -4.38894863e-06  0.00000000e+00]",-1.7555794509682698e-06,2.1501369288938502e-06
371,[0. 0. 0. 0. 0. 0. 0. 0. 0. 0.],0.0,0.0
372,[0. 0. 0. 0. 0. 0. 0. 0. 0. 0.],0.0,0.0
373,[0. 0. 0. 0. 0. 0. 0. 0. 0. 0.],0.0,0.0
374,"[-8.77789725e-06 -4.38894863e-06  0.00000000e+00  8.77789725e-06
  0.00000000e+00  0.00000000e+00 -8.77789725e-06 -8.77789725e-06
 -4.38894863e-06 -8.77789725e-06]",-3.511158901914335e-06,5.481795078570657e-06
375,"[4.38894863e-06 4.38894863e-06 4.38894863e-06 4.38894863e-06
 4.38894863e-06 4.38894863e-06 4.38894863e-06 4.38894863e-06
 4.38894863e-06 4.38894863e-06]",4.388948627309652e-06,0.0
376,"[7.90010753e-05 6.58342294e-05 7.02231780e-05 7.46121267e-05
 6.14452808e-05 7.02231780e-05 7.02231780e-05 6.14452808e-05
 5.70563322e-05 7.02231780e-05]",6.802870372395464e-05,6.284018110246862e-06
377,"[0.00058373 0.00058812 0.00064956 0.00061445 0.0006364  0.00061445
 0.00064518 0.00061884 0.00060567 0.00060129]",0.0006157694924180501,2.1325955124321166e-05
378,"[-8.77789725e-06 -4.38894863e-06 -8.77789725e-06 -8.77789725e-06
 -8.77789725e-06 -8.77789725e-06 -8.77789725e-06 -8.77789725e-06
 -8.77789725e-06 -1.31668459e-05]",-8.77789725474143e-06,1.9627974961085798e-06
379,"[ 4.38894863e-06  4.38894863e-06  0.00000000e+00  0.00000000e+00
  4.38894863e-06  0.00000000e+00  4.38894863e-06  0.00000000e+00
  4.38894863e-06 -8.77789725e-06]",1.3166845881817934e-06,3.950053764607059e-06
380,"[4.38894863e-06 4.38894863e-06 4.38894863e-06 4.38894863e-06
 4.38894863e-06 4.38894863e-06 4.38894863e-06 4.38894863e-06
 4.38894863e-06 4.38894863e-06]",4.388948627309652e-06,0.0
381,[0. 0. 0. 0. 0. 0. 0. 0. 0. 0.],0.0,0.0
382,"[-8.77789725e-06 -8.77789725e-06 -8.77789725e-06 -8.77789725e-06
 -8.77789725e-06 -8.77789725e-06 -8.77789725e-06 -8.77789725e-06
 -8.77789725e-06 -8.77789725e-06]",-8.777897254730327e-06,0.0
383,[0. 0. 0. 0. 0. 0. 0. 0. 0. 0.],0.0,0.0
384,[0. 0. 0. 0. 0. 0. 0. 0. 0. 0.],0.0,0.0
385,"[ 0.00000000e+00  0.00000000e+00  0.00000000e+00 -4.38894863e-06
 -4.38894863e-06 -4.38894863e-06 -4.38894863e-06 -4.38894863e-06
  0.00000000e+00 -8.77789725e-06]",-3.07226403918337e-06,2.810298333285955e-06
386,"[-4.38894863e-06 -4.38894863e-06 -4.38894863e-06  0.00000000e+00
  0.00000000e+00 -4.38894863e-06 -4.38894863e-06 -4.38894863e-06
 -4.38894863e-06 -8.77789725e-06]",-3.950053764667505e-06,2.3635211688480325e-06
387,"[ 0.00000000e+00  0.00000000e+00  0.00000000e+00  4.38894863e-06
  0.00000000e+00 -4.38894863e-06  0.00000000e+00  0.00000000e+00
  0.00000000e+00 -4.38894863e-06]",-4.3889486275316967e-07,2.3635211688480325e-06
388,"[-4.38894863e-06 -8.77789725e-06 -1.31668459e-05 -1.31668459e-05
 -1.31668459e-05 -1.31668459e-05 -8.77789725e-06 -1.31668459e-05
 -8.77789725e-06 -8.77789725e-06]",-1.0533476705709699e-05,2.911299164236511e-06
389,"[-4.38894863e-06 -8.77789725e-06 -4.38894863e-06 -4.38894863e-06
 -1.31668459e-05 -4.38894863e-06 -8.77789725e-06 -4.38894863e-06
 -1.75557945e-05 -8.77789725e-06]",-7.9001075292906e-06,4.3002738577174476e-06
390,"[ 0.00000000e+00  0.00000000e+00 -4.38894863e-06  0.00000000e+00
  0.00000000e+00  0.00000000e+00  0.00000000e+00  0.00000000e+00
  0.00000000e+00  0.00000000e+00]",-4.3889486274206745e-07,1.3166845882262023e-06
391,"[-8.77789725e-06 -4.38894863e-06 -4.38894863e-06 -4.38894863e-06
 -4.38894863e-06 -4.38894863e-06 -4.38894863e-06 -4.38894863e-06
  0.00000000e+00  0.00000000e+00]",-3.950053764667505e-06,2.3635211688480325e-06
392,"[0.00065395 0.00068029 0.00069345 0.00068029 0.00069345 0.00068029
 0.00068906 0.00066712 0.00064518 0.00068468]",0.0006767758783382983,1.5554473564653356e-05
393,"[-4.38894863e-06 -8.77789725e-06 -8.77789725e-06  0.00000000e+00
 -8.77789725e-06  0.00000000e+00 -8.77789725e-06 -8.77789725e-06
 -4.38894863e-06 -8.77789725e-06]",-6.144528078322331e-06,3.5111589018865795e-06
394,[0. 0. 0. 0. 0. 0. 0. 0. 0. 0.],0.0,0.0
395,"[-1.75557945e-05 -1.75557945e-05 -1.75557945e-05 -1.75557945e-05
 -1.75557945e-05 -1.75557945e-05 -1.75557945e-05 -1.75557945e-05
 -1.75557945e-05 -1.31668459e-05]",-1.711689964672969e-05,1.3166845881928957e-06
396,"[8.77789725e-06 0.00000000e+00 1.31668459e-05 1.75557945e-05
 1.75557945e-05 1.31668459e-05 8.77789725e-06 1.75557945e-05
 4.38894863e-06 8.77789725e-06]",1.0972371568329642e-05,5.637706589408091e-06
397,[0. 0. 0. 0. 0. 0. 0. 0. 0. 0.],0.0,0.0
398,"[-1.31668459e-05 -1.31668459e-05 -8.77789725e-06 -1.31668459e-05
 -8.77789725e-06 -8.77789725e-06 -8.77789725e-06 -8.77789725e-06
 -1.31668459e-05 -8.77789725e-06]",-1.0533476705698596e-05,2.1501369288938502e-06
399,"[-8.77789725e-06 -8.77789725e-06 -8.77789725e-06 -8.77789725e-06
 -8.77789725e-06 -8.77789725e-06 -8.77789725e-06 -8.77789725e-06
 -8.77789725e-06 -8.77789725e-06]",-8.777897254730327e-06,0.0
400,"[-8.77789725e-06 -1.31668459e-05 -1.31668459e-05 -1.31668459e-05
 -1.31668459e-05 -1.31668459e-05 -1.31668459e-05 -1.31668459e-05
 -1.31668459e-05 -1.31668459e-05]",-1.2727951019408933e-05,1.3166845882262025e-06
401,"[5.70563322e-05 6.58342294e-05 6.14452808e-05 7.02231780e-05
 7.02231780e-05 6.14452808e-05 5.70563322e-05 6.14452808e-05
 6.58342294e-05 6.58342294e-05]",6.363975509660058e-05,4.497334049885553e-06
402,"[4.38894863e-06 8.77789725e-06 8.77789725e-06 8.77789725e-06
 8.77789725e-06 8.77789725e-06 8.77789725e-06 8.77789725e-06
 8.77789725e-06 8.77789725e-06]",8.33900239188834e-06,1.3166845881928957e-06
403,"[-1.31668459e-05 -4.38894863e-06 -1.75557945e-05 -8.77789725e-06
 -4.38894863e-06 -4.38894863e-06 -4.38894863e-06 -2.19447431e-05
 -1.75557945e-05 -8.77789725e-06]",-1.0533476705698596e-05,6.268672499746402e-06
404,"[-8.77789725e-06 -8.77789725e-06 -8.77789725e-06 -8.77789725e-06
 -8.77789725e-06 -8.77789725e-06 -8.77789725e-06 -8.77789725e-06
 -8.77789725e-06 -4.38894863e-06]",-8.339002391999362e-06,1.3166845881928957e-06
405,"[7.46121267e-05 6.14452808e-05 8.77789725e-05 8.77789725e-05
 8.33900239e-05 6.58342294e-05 5.70563322e-05 8.77789725e-05
 8.77789725e-05 7.46121267e-05]",7.680660097869607e-05,1.131804249225366e-05
406,[0. 0. 0. 0. 0. 0. 0. 0. 0. 0.],0.0,0.0
407,"[-8.77789725e-06 -4.38894863e-06 -8.77789725e-06 -8.77789725e-06
 -8.77789725e-06 -4.38894863e-06 -8.77789725e-06 -8.77789725e-06
 -8.77789725e-06 -8.77789725e-06]",-7.900107529268396e-06,1.7555794509238611e-06
408,[0. 0. 0. 0. 0. 0. 0. 0. 0. 0.],0.0,0.0
409,"[-1.31668459e-05 -8.77789725e-06 -1.31668459e-05 -4.38894863e-06
  0.00000000e+00 -4.38894863e-06 -8.77789725e-06 -4.38894863e-06
 -8.77789725e-06 -8.77789725e-06]",-7.461212666548533e-06,3.950053764631731e-06
410,"[4.38894863e-06 4.38894863e-06 4.38894863e-06 4.38894863e-06
 4.38894863e-06 4.38894863e-06 4.38894863e-06 4.38894863e-06
 4.38894863e-06 4.38894863e-06]",4.388948627309652e-06,0.0
411,"[-4.38894863e-06  0.00000000e+00  0.00000000e+00  0.00000000e+00
  0.00000000e+00  0.00000000e+00  0.00000000e+00  0.00000000e+00
  0.00000000e+00  0.00000000e+00]",-4.3889486274206745e-07,1.3166845882262023e-06
412,"[-8.77789725e-06 -4.38894863e-06 -4.38894863e-06 -4.38894863e-06
 -4.38894863e-06 -4.38894863e-06  0.00000000e+00 -4.38894863e-06
 -4.38894863e-06 -4.38894863e-06]",-4.3889486274095725e-06,1.9627974961085798e-06
413,[0. 0. 0. 0. 0. 0. 0. 0. 0. 0.],0.0,0.0
414,"[-8.77789725e-06 -8.77789725e-06 -8.77789725e-06 -4.38894863e-06
 -8.77789725e-06 -8.77789725e-06 -8.77789725e-06 -4.38894863e-06
 -8.77789725e-06 -1.31668459e-05]",-8.339002392010465e-06,2.363521168833601e-06
415,"[-4.38894863e-06  0.00000000e+00 -4.38894863e-06 -4.38894863e-06
 -4.38894863e-06 -4.38894863e-06 -4.38894863e-06 -4.38894863e-06
 -4.38894863e-06 -4.38894863e-06]",-3.950053764678607e-06,1.3166845882262023e-06
416,"[-1.75557945e-05 -4.38894863e-06  0.00000000e+00 -1.31668459e-05
 -8.77789725e-06 -8.77789725e-06 -1.75557945e-05 -4.38894863e-06
 -1.31668459e-05 -2.19447431e-05]",-1.0972371568429561e-05,6.583422941031092e-06
417,[0. 0. 0. 0. 0. 0. 0. 0. 0. 0.],0.0,0.0
418,"[4.38894863e-06 4.38894863e-06 8.77789725e-06 1.75557945e-05
 1.75557945e-05 8.77789725e-06 3.07226404e-05 0.00000000e+00
 0.00000000e+00 2.63336918e-05]",1.1850161293813776e-05,1.0208434110565982e-05
419,"[4.38894863e-06 4.38894863e-06 4.38894863e-06 8.77789725e-06
 8.77789725e-06 8.77789725e-06 8.77789725e-06 1.31668459e-05
 4.38894863e-06 8.77789725e-06]",7.461212666437511e-06,2.810298333259947e-06
420,[0. 0. 0. 0. 0. 0. 0. 0. 0. 0.],0.0,0.0
421,"[-4.38894863e-06  8.77789725e-06  8.77789725e-06  0.00000000e+00
  4.38894863e-06  4.38894863e-06  4.38894863e-06  4.38894863e-06
 -4.38894863e-06 -4.38894863e-06]",2.1944743136215195e-06,4.906993740254071e-06
422,"[8.77789725e-06 2.19447431e-05 1.31668459e-05 1.31668459e-05
 1.31668459e-05 1.75557945e-05 1.75557945e-05 1.75557945e-05
 1.31668459e-05 1.31668459e-05]",1.492242533296384e-05,3.5111589018893556e-06
423,"[-4.38894863e-06 -8.77789725e-06 -4.38894863e-06 -4.38894863e-06
 -4.38894863e-06 -4.38894863e-06 -4.38894863e-06 -4.38894863e-06
 -4.38894863e-06 -8.77789725e-06]",-5.266738352882605e-06,1.7555794509238611e-06
424,"[ 0.00000000e+00  0.00000000e+00  0.00000000e+00  0.00000000e+00
  0.00000000e+00  0.00000000e+00 -4.38894863e-06  0.00000000e+00
  0.00000000e+00  0.00000000e+00]",-4.3889486274206745e-07,1.3166845882262023e-06
425,[0. 0. 0. 0. 0. 0. 0. 0. 0. 0.],0.0,0.0
426,[0. 0. 0. 0. 0. 0. 0. 0. 0. 0.],0.0,0.0
427,[0. 0. 0. 0. 0. 0. 0. 0. 0. 0.],0.0,0.0
428,"[-8.77789725e-06 -4.38894863e-06 -4.38894863e-06 -1.31668459e-05
 -4.38894863e-06 -4.38894863e-06 -1.31668459e-05 -4.38894863e-06
 -8.77789725e-06 -8.77789725e-06]",-7.461212666559635e-06,3.427878459438575e-06
429,"[4.38894863e-06 4.38894863e-06 0.00000000e+00 4.38894863e-06
 4.38894863e-06 4.38894863e-06 8.77789725e-06 4.38894863e-06
 4.38894863e-06 4.38894863e-06]",4.388948627309652e-06,1.9627974960837545e-06
430,"[4.38894863e-06 8.77789725e-06 8.77789725e-06 8.77789725e-06
 4.38894863e-06 8.77789725e-06 4.38894863e-06 8.77789725e-06
 4.38894863e-06 4.38894863e-06]",6.5834229409644784e-06,2.194474313654826e-06
431,"[1.75557945e-05 1.31668459e-05 1.31668459e-05 1.31668459e-05
 8.77789725e-06 1.31668459e-05 1.31668459e-05 1.31668459e-05
 8.77789725e-06 8.77789725e-06]",1.2289056156544742e-05,2.6333691764302005e-06
432,[0. 0. 0. 0. 0. 0. 0. 0. 0. 0.],0.0,0.0
433,"[0.00014922 0.00014922 0.00014045 0.00014484 0.00014484 0.00014922
 0.00014484 0.00014484 0.000158   0.00014045]",0.0001465908841536412,4.887326351555075e-06
434,[0. 0. 0. 0. 0. 0. 0. 0. 0. 0.],0.0,0.0
435,"[4.38894863e-06 4.38894863e-06 0.00000000e+00 4.38894863e-06
 0.00000000e+00 0.00000000e+00 0.00000000e+00 0.00000000e+00
 0.00000000e+00 0.00000000e+00]",1.3166845881928957e-06,2.011268930591901e-06
436,[0. 0. 0. 0. 0. 0. 0. 0. 0. 0.],0.0,0.0
437,"[4.38894863e-06 4.38894863e-06 4.38894863e-06 4.38894863e-06
 4.38894863e-06 4.38894863e-06 4.38894863e-06 4.38894863e-06
 4.38894863e-06 4.38894863e-06]",4.388948627309652e-06,0.0
438,"[4.38894863e-06 4.38894863e-06 0.00000000e+00 4.38894863e-06
 4.38894863e-06 0.00000000e+00 0.00000000e+00 0.00000000e+00
 0.00000000e+00 4.38894863e-06]",2.194474313654826e-06,2.194474313654826e-06
439,"[-4.38894863e-06  0.00000000e+00 -8.77789725e-06  0.00000000e+00
  0.00000000e+00 -8.77789725e-06 -4.38894863e-06  0.00000000e+00
 -4.38894863e-06 -4.38894863e-06]",-3.511158901914335e-06,3.2843884103563768e-06
440,"[1.75557945e-05 1.75557945e-05 1.31668459e-05 2.19447431e-05
 1.75557945e-05 1.31668459e-05 2.19447431e-05 2.63336918e-05
 2.63336918e-05 1.75557945e-05]",1.93113739603179e-05,4.475866939009538e-06
441,"[4.38894863e-06 0.00000000e+00 0.00000000e+00 0.00000000e+00
 0.00000000e+00 0.00000000e+00 0.00000000e+00 4.38894863e-06
 0.00000000e+00 0.00000000e+00]",8.777897254619305e-07,1.7555794509238611e-06
442,"[0.00017117 0.00016678 0.000158   0.00016239 0.00018434 0.00012728
 0.00017117 0.00014045 0.00014484 0.00014922]",0.00015756325572204854,1.6239109921215845e-05
443,"[4.38894863e-06 4.38894863e-06 4.38894863e-06 4.38894863e-06
 4.38894863e-06 4.38894863e-06 4.38894863e-06 4.38894863e-06
 4.38894863e-06 4.38894863e-06]",4.388948627309652e-06,0.0
444,[0. 0. 0. 0. 0. 0. 0. 0. 0. 0.],0.0,0.0
445,"[4.38894863e-06 4.38894863e-06 4.38894863e-06 4.38894863e-06
 4.38894863e-06 4.38894863e-06 0.00000000e+00 4.38894863e-06
 4.38894863e-06 4.38894863e-06]",3.950053764578687e-06,1.3166845881928957e-06
446,[0. 0. 0. 0. 0. 0. 0. 0. 0. 0.],0.0,0.0
447,[0. 0. 0. 0. 0. 0. 0. 0. 0. 0.],0.0,0.0
448,[0. 0. 0. 0. 0. 0. 0. 0. 0. 0.],0.0,0.0
449,[0. 0. 0. 0. 0. 0. 0. 0. 0. 0.],0.0,0.0
450,"[4.38894863e-06 4.38894863e-06 0.00000000e+00 4.38894863e-06
 4.38894863e-06 4.38894863e-06 4.38894863e-06 8.77789725e-06
 4.38894863e-06 4.38894863e-06]",4.388948627309652e-06,1.9627974960837545e-06
451,"[1.75557945e-05 1.31668459e-05 1.75557945e-05 4.38894863e-06
 2.19447431e-05 1.75557945e-05 2.19447431e-05 1.75557945e-05
 8.77789725e-06 8.77789725e-06]",1.4922425332952737e-05,5.620596666547637e-06
452,[0. 0. 0. 0. 0. 0. 0. 0. 0. 0.],0.0,0.0
453,"[ 0.00000000e+00  0.00000000e+00  0.00000000e+00  0.00000000e+00
  0.00000000e+00  0.00000000e+00  0.00000000e+00  0.00000000e+00
  0.00000000e+00 -4.38894863e-06]",-4.3889486274206745e-07,1.3166845882262023e-06
454,[0. 0. 0. 0. 0. 0. 0. 0. 0. 0.],0.0,0.0
455,"[ 0.00000000e+00  0.00000000e+00  0.00000000e+00  0.00000000e+00
 -4.38894863e-06  0.00000000e+00  0.00000000e+00  0.00000000e+00
 -4.38894863e-06  0.00000000e+00]",-8.777897254841349e-07,1.7555794509682698e-06
456,[0. 0. 0. 0. 0. 0. 0. 0. 0. 0.],0.0,0.0
457,[0. 0. 0. 0. 0. 0. 0. 0. 0. 0.],0.0,0.0
458,"[ 0.00000000e+00  0.00000000e+00  0.00000000e+00  0.00000000e+00
 -4.38894863e-06 -4.38894863e-06  0.00000000e+00  0.00000000e+00
  0.00000000e+00  0.00000000e+00]",-8.777897254841349e-07,1.7555794509682698e-06
459,"[8.77789725e-06 8.77789725e-06 8.77789725e-06 8.77789725e-06
 4.38894863e-06 4.38894863e-06 8.77789725e-06 4.38894863e-06
 4.38894863e-06 4.38894863e-06]",6.5834229409644784e-06,2.194474313654826e-06
460,"[1.31668459e-05 1.31668459e-05 8.77789725e-06 1.31668459e-05
 1.75557945e-05 1.31668459e-05 1.31668459e-05 1.31668459e-05
 1.31668459e-05 1.31668459e-05]",1.3166845882028876e-05,1.9627974961085798e-06
461,"[0.00000000e+00 0.00000000e+00 0.00000000e+00 0.00000000e+00
 0.00000000e+00 4.38894863e-06 0.00000000e+00 0.00000000e+00
 0.00000000e+00 0.00000000e+00]",4.3889486273096523e-07,1.3166845881928957e-06
462,"[2.19447431e-05 3.51115890e-05 1.75557945e-05 2.63336918e-05
 2.63336918e-05 2.63336918e-05 2.63336918e-05 2.63336918e-05
 2.63336918e-05 2.63336918e-05]",2.5894796901348993e-05,4.140525854007573e-06
463,"[4.38894863e-06 4.38894863e-06 4.38894863e-06 4.38894863e-06
 4.38894863e-06 4.38894863e-06 4.38894863e-06 4.38894863e-06
 4.38894863e-06 4.38894863e-06]",4.388948627309652e-06,0.0
464,[0. 0. 0. 0. 0. 0. 0. 0. 0. 0.],0.0,0.0
465,[0. 0. 0. 0. 0. 0. 0. 0. 0. 0.],0.0,0.0
466,"[ 0.00000000e+00  0.00000000e+00 -4.38894863e-06  0.00000000e+00
  0.00000000e+00 -4.38894863e-06  0.00000000e+00 -4.38894863e-06
 -4.38894863e-06 -4.38894863e-06]",-2.1944743137103373e-06,2.1944743137103373e-06
467,"[7.02231780e-05 6.58342294e-05 6.58342294e-05 4.38894863e-05
 6.14452808e-05 7.02231780e-05 7.46121267e-05 6.58342294e-05
 7.90010753e-05 4.82784349e-05]",6.451754482208471e-05,1.0395417307664815e-05
468,"[-8.77789725e-06  0.00000000e+00  8.77789725e-06 -4.38894863e-06
  4.38894863e-06 -4.38894863e-06  0.00000000e+00 -8.77789725e-06
  0.00000000e+00  0.00000000e+00]",-1.3166845882373046e-06,5.211587740355909e-06
469,[0. 0. 0. 0. 0. 0. 0. 0. 0. 0.],0.0,0.0
470,[0. 0. 0. 0. 0. 0. 0. 0. 0. 0.],0.0,0.0
471,[0. 0. 0. 0. 0. 0. 0. 0. 0. 0.],0.0,0.0
472,[0. 0. 0. 0. 0. 0. 0. 0. 0. 0.],0.0,0.0
473,[0. 0. 0. 0. 0. 0. 0. 0. 0. 0.],0.0,0.0
474,[0. 0. 0. 0. 0. 0. 0. 0. 0. 0.],0.0,0.0
475,"[0.00000000e+00 4.38894863e-06 0.00000000e+00 4.38894863e-06
 0.00000000e+00 4.38894863e-06 4.38894863e-06 8.77789725e-06
 4.38894863e-06 0.00000000e+00]",3.0722640391167566e-06,2.8102983332374066e-06
476,[0. 0. 0. 0. 0. 0. 0. 0. 0. 0.],0.0,0.0
477,[0. 0. 0. 0. 0. 0. 0. 0. 0. 0.],0.0,0.0
478,[0. 0. 0. 0. 0. 0. 0. 0. 0. 0.],0.0,0.0
479,"[-8.77789725e-06 -4.38894863e-06  0.00000000e+00 -4.38894863e-06
  0.00000000e+00 -4.38894863e-06  0.00000000e+00  0.00000000e+00
  0.00000000e+00 -1.31668459e-05]",-3.511158901914335e-06,4.300273857749174e-06
480,[0. 0. 0. 0. 0. 0. 0. 0. 0. 0.],0.0,0.0
481,[0. 0. 0. 0. 0. 0. 0. 0. 0. 0.],0.0,0.0
482,[0. 0. 0. 0. 0. 0. 0. 0. 0. 0.],0.0,0.0
483,[0. 0. 0. 0. 0. 0. 0. 0. 0. 0.],0.0,0.0
484,[0. 0. 0. 0. 0. 0. 0. 0. 0. 0.],0.0,0.0
485,"[1.31668459e-05 1.31668459e-05 1.31668459e-05 1.31668459e-05
 1.31668459e-05 1.31668459e-05 8.77789725e-06 1.31668459e-05
 8.77789725e-06 1.31668459e-05]",1.2289056156555845e-05,1.75557945096827e-06
486,"[-4.38894863e-06 -4.38894863e-06 -4.38894863e-06 -4.38894863e-06
 -4.38894863e-06 -4.38894863e-06 -4.38894863e-06  0.00000000e+00
 -4.38894863e-06 -4.38894863e-06]",-3.950053764678607e-06,1.3166845882262023e-06
487,"[4.38894863e-06 8.77789725e-06 4.38894863e-06 4.38894863e-06
 4.38894863e-06 4.38894863e-06 4.38894863e-06 4.38894863e-06
 4.38894863e-06 4.38894863e-06]",4.8278434900406175e-06,1.3166845881928957e-06
488,"[ 0.00000000e+00 -4.38894863e-06  0.00000000e+00 -4.38894863e-06
 -4.38894863e-06 -4.38894863e-06 -4.38894863e-06 -4.38894863e-06
 -4.38894863e-06 -4.38894863e-06]",-3.5111589019365396e-06,1.75557945096827e-06
489,"[0.00000000e+00 4.38894863e-06 0.00000000e+00 4.38894863e-06
 0.00000000e+00 0.00000000e+00 0.00000000e+00 4.38894863e-06
 0.00000000e+00 0.00000000e+00]",1.3166845881928957e-06,2.011268930591901e-06
490,[0. 0. 0. 0. 0. 0. 0. 0. 0. 0.],0.0,0.0
491,[0. 0. 0. 0. 0. 0. 0. 0. 0. 0.],0.0,0.0
492,[0. 0. 0. 0. 0. 0. 0. 0. 0. 0.],0.0,0.0
493,"[ 8.77789725e-06  0.00000000e+00  2.19447431e-05  1.31668459e-05
  1.75557945e-05 -8.77789725e-06  2.63336918e-05 -4.38894863e-06
  8.77789725e-06  8.77789725e-06]",9.216792117394678e-06,1.0651680835221813e-05
494,"[ 0.00000000e+00  0.00000000e+00 -4.38894863e-06  0.00000000e+00
  0.00000000e+00  0.00000000e+00  0.00000000e+00  0.00000000e+00
  0.00000000e+00  0.00000000e+00]",-4.3889486274206745e-07,1.3166845882262023e-06
495,"[ 0.00000000e+00  0.00000000e+00 -4.38894863e-06  0.00000000e+00
  0.00000000e+00  4.38894863e-06  4.38894863e-06  4.38894863e-06
 -4.38894863e-06  0.00000000e+00]",4.388948627087608e-07,3.072264039151649e-06
